mission_id,satellite_name,data_type,launch_date,launch_time,launch_site,rocket,rocket_mass,fuel_mass,payload_capacity,thrust,specific_impulse,payload_mass,payload_volume,target_orbit,altitude,inclination,delta_v,flight_time,fuel_consumption,weather_temperature,wind_speed,rain,humidity,safety_status,launch_window_start,launch_window_end,launch_window_duration,launch_cost,risk_score,mission_priority,trajectory_type,cross_section_area,drag_coefficient,fuel_margin,payload_fraction,thrust_to_weight_ratio,mission_efficiency
M0001,Cartosat-3,Reference,2026-01-13,05:11:00,"Satish Dhawan Space Centre, Sriharikota",PSLV,28000,292000,1750,4800,305,1625,5.45,SSO,505,97.4,10.846,680,292000,20.6,5.6,0.0,72.4,MODERATE RISK,05:00,05:30,30,37.45,40.9,1,Direct Ascent,6.16,0.405,0.02,0.0051,1.52,470.62
M0002,RISAT-2BR1,Reference,2026-01-11,09:25:00,"Satish Dhawan Space Centre, Sriharikota",PSLV,28000,292000,1750,4800,305,628,1.88,LEO,576,37.0,10.073,642,292000,20.4,18.3,0.0,48.3,MODERATE RISK,09:15,10:45,90,35.89,36.6,3,Gravity Turn,6.16,0.406,0.02,0.002,1.53,176.26
M0003,EOS-04,Reference,2026-01-14,19:51:00,"Satish Dhawan Space Centre, Sriharikota",PSLV,28000,292000,1750,4800,305,1710,6.07,SSO,529,97.5,10.863,705,292000,36.2,16.7,7.7,27.4,HIGH RISK / HOLD ADVISORY,19:45,21:45,120,39.6,65.0,3,Direct Ascent,6.16,0.301,0.02,0.0053,1.52,469.08
M0004,EOS-06,Reference,2026-01-15,17:43:00,"Satish Dhawan Space Centre, Sriharikota",PSLV,28000,292000,1750,4800,305,1117,3.42,SSO,738,98.2,10.584,718,292000,23.5,5.3,0.0,78.1,SAFE,17:30,18:00,30,35.84,29.2,4,Gravity Turn,6.16,0.378,0.02,0.0035,1.52,329.86
M0005,INSAT-3DS,Reference,2026-01-18,07:20:00,"Satish Dhawan Space Centre, Sriharikota",GSLV Mk II,42000,372000,2500,5200,335,2275,6.64,GEO,35786,0.1,8.8,2929,372000,30.0,6.1,0.0,35.7,MODERATE RISK,06:30,07:30,60,54.71,43.3,3,Three-Stage Ascent,9.08,0.417,0.02,0.0055,1.27,365.93
M0006,GSAT-20,Reference,2026-01-20,12:41:00,Kennedy Space Center,Falcon 9,30000,519000,17500,7607,311,4700,13.29,GTO,35786,19.5,8.845,2027,519000,18.1,1.7,14.0,80.5,MODERATE RISK,12:15,13:45,90,77.75,38.8,3,Three-Stage Ascent,10.75,0.356,0.02,0.0085,1.4,534.68
M0007,GSAT-24,Reference,2026-01-21,13:56:00,Guiana Space Centre,Ariane 5,60000,717000,21000,13000,345,4180,14.87,GEO,35786,0.0,8.916,2700,717000,18.5,7.4,0.0,36.4,SAFE,13:45,15:15,90,150.04,29.6,2,Hohmann Transfer,22.9,0.293,0.02,0.0054,1.7,248.39
M0008,Chandrayaan-3,Reference,2026-01-21,16:18:00,"Satish Dhawan Space Centre, Sriharikota",GSLV Mk III / LVM3,86000,554000,4000,9800,340,3900,13.54,GTO,36000,21.3,8.959,2211,554000,23.1,5.6,15.5,60.9,MODERATE RISK,16:00,16:30,30,76.57,58.2,1,Hohmann Transfer,12.57,0.386,0.02,0.0061,1.55,456.32
M0009,Aditya-L1,Reference,2026-01-22,18:49:00,"Satish Dhawan Space Centre, Sriharikota",PSLV,28000,292000,1750,4800,305,1475,4.47,Highly Elliptical Orbit,23500,19.2,9.341,2073,292000,27.1,10.5,12.3,92.9,MODERATE RISK,18:30,19:00,30,38.89,60.0,1,Hohmann Transfer,6.16,0.308,0.02,0.0046,1.52,354.28
M0010,IRNSS-1I,Reference,2026-01-25,17:13:00,"Satish Dhawan Space Centre, Sriharikota",PSLV,28000,292000,1750,4800,305,1425,4.4,GTO,20650,29.5,9.386,1980,292000,28.0,3.7,0.0,48.3,MODERATE RISK,17:00,18:30,90,36.9,37.3,2,Three-Stage Ascent,6.16,0.377,0.02,0.0044,1.52,362.47
M0011,RISAT-2,Reference,2026-01-25,18:10:00,"Satish Dhawan Space Centre, Sriharikota",PSLV,28000,292000,1750,4800,305,300,1.05,LEO,548,41.2,10.077,588,292000,21.3,1.4,13.3,55.9,MODERATE RISK,17:00,18:30,90,35.07,31.6,3,Gravity Turn,6.16,0.291,0.02,0.0009,1.53,86.2
M0012,Oceansat-3,Reference,2026-01-26,15:05:00,"Satish Dhawan Space Centre, Sriharikota",PSLV,28000,292000,1750,4800,305,960,3.46,SSO,720,98.3,10.977,734,292000,36.9,7.7,0.0,61.9,MODERATE RISK,15:00,15:45,45,36.46,38.7,4,Direct Ascent,6.16,0.37,0.02,0.003,1.52,289.03
M0013,Resourcesat-2,Reference,2026-01-30,10:44:00,"Satish Dhawan Space Centre, Sriharikota",PSLV,28000,292000,1750,4800,305,1206,4.07,SSO,817,98.7,11.022,745,292000,36.4,10.1,4.1,66.4,MODERATE RISK,10:15,12:15,120,37.54,47.9,3,Direct Ascent,6.16,0.333,0.02,0.0038,1.52,354.09
M0014,Cartosat-2,Reference,2026-02-01,12:43:00,"Satish Dhawan Space Centre, Sriharikota",PSLV,28000,292000,1750,4800,305,680,2.08,SSO,630,97.9,10.928,707,292000,32.3,20.9,0.0,44.5,MODERATE RISK,12:15,13:15,60,36.59,44.2,1,Direct Ascent,6.16,0.389,0.02,0.0021,1.53,203.09
M0015,Microsat-R,Reference,2026-02-03,13:49:00,"Satish Dhawan Space Centre, Sriharikota",PSLV,28000,292000,1750,4800,305,740,2.11,LEO,274,96.6,10.229,568,292000,18.8,16.8,0.0,67.1,MODERATE RISK,13:15,15:15,120,36.09,37.4,4,Gravity Turn,6.16,0.401,0.02,0.0023,1.53,209.74
M0016,EMISAT,Reference,2026-02-01,13:35:00,"Satish Dhawan Space Centre, Sriharikota",PSLV,28000,292000,1750,4800,305,436,1.47,Polar LEO,748,98.4,10.59,747,292000,14.8,4.0,0.0,38.5,SAFE,13:30,14:15,45,34.71,25.5,4,Gravity Turn,6.16,0.376,0.02,0.0014,1.53,133.02
M0017,GSAT-7,Reference,2026-02-03,08:36:00,Guiana Space Centre,Ariane 5,60000,717000,21000,13000,345,2650,9.8,GEO,35786,0.0,8.916,2647,717000,36.4,9.5,11.1,48.6,MODERATE RISK,08:00,09:30,90,149.58,45.8,5,Hohmann Transfer,22.9,0.404,0.02,0.0034,1.7,157.96
M0018,GSAT-7A,Reference,2026-02-04,18:57:00,"Satish Dhawan Space Centre, Sriharikota",GSLV Mk II,42000,372000,2500,5200,335,2250,8.12,GEO,35786,0.0,8.953,2830,372000,18.4,6.1,0.0,31.2,MODERATE RISK,18:30,19:15,45,54.73,43.8,3,Hohmann Transfer,9.08,0.418,0.02,0.0054,1.27,368.07
M0019,GSAT-17,Reference,2026-02-07,16:59:00,Guiana Space Centre,Ariane 5,60000,717000,21000,13000,345,3477,9.5,GEO,35786,0.0,8.916,2499,717000,16.9,12.2,0.0,48.8,MODERATE RISK,16:45,18:45,120,149.6,34.3,2,Hohmann Transfer,22.9,0.302,0.02,0.0045,1.7,207.23
M0020,GSAT-19,Reference,2026-02-08,07:56:00,"Satish Dhawan Space Centre, Sriharikota",GSLV Mk III / LVM3,86000,554000,4000,9800,340,3136,10.54,GTO,35900,21.5,8.803,2124,554000,32.8,16.9,0.0,92.0,MODERATE RISK,07:15,08:45,90,75.28,53.8,3,Three-Stage Ascent,12.57,0.332,0.02,0.0049,1.55,366.71
M0021,GSAT-29,Reference,2026-02-09,20:01:00,"Satish Dhawan Space Centre, Sriharikota",GSLV Mk III / LVM3,86000,554000,4000,9800,340,3423,12.17,GEO,35786,0.0,8.8,2575,554000,29.4,9.6,0.0,53.6,MODERATE RISK,19:45,20:30,45,74.83,44.5,5,Three-Stage Ascent,12.57,0.337,0.02,0.0053,1.55,402.54
M0022,GSAT-30,Reference,2026-02-13,05:02:00,Guiana Space Centre,Ariane 5,60000,717000,21000,13000,345,3357,9.01,GEO,35786,0.0,8.916,2733,717000,20.5,2.9,0.0,70.9,SAFE,04:15,06:15,120,148.57,23.9,4,Hohmann Transfer,22.9,0.284,0.02,0.0043,1.7,201.46
M0023,GSAT-31,Reference,2026-02-15,11:28:00,Guiana Space Centre,Ariane 5,60000,717000,21000,13000,345,2535,7.31,GEO,35786,0.0,8.916,2791,717000,34.8,16.9,10.7,28.4,MODERATE RISK,11:15,11:45,30,149.88,50.9,2,Hohmann Transfer,22.9,0.281,0.02,0.0033,1.7,150.8
M0024,GSAT-6A,Reference,2026-02-13,14:52:00,"Satish Dhawan Space Centre, Sriharikota",GSLV Mk II,42000,372000,2500,5200,335,2140,7.44,GEO,35786,0.0,8.953,2934,372000,24.4,18.0,0.0,68.2,MODERATE RISK,14:45,15:15,30,55.11,49.9,4,Hohmann Transfer,9.08,0.395,0.02,0.0051,1.27,347.66
M0025,INSAT-3DR,Reference,2026-02-16,06:47:00,"Satish Dhawan Space Centre, Sriharikota",GSLV Mk II,42000,372000,2500,5200,335,2211,6.04,GEO,35786,0.0,8.8,2612,372000,37.9,3.8,0.0,50.4,MODERATE RISK,06:30,07:15,45,54.81,45.3,3,Three-Stage Ascent,9.08,0.332,0.02,0.0053,1.27,354.99
M0026,INSAT-3D,Reference,2026-02-19,07:06:00,Guiana Space Centre,Ariane 5,60000,717000,21000,13000,345,2060,7.29,GEO,35786,0.0,8.916,2516,717000,34.9,21.2,11.5,36.2,MODERATE RISK,06:30,07:15,45,149.68,55.3,3,Hohmann Transfer,22.9,0.304,0.02,0.0026,1.7,122.71
M0027,EDUSAT,Reference,2026-02-19,16:05:00,"Satish Dhawan Space Centre, Sriharikota",GSLV Mk II,42000,372000,2500,5200,335,1950,6.64,GEO,35786,0.0,8.953,2590,372000,32.3,9.6,0.0,35.9,MODERATE RISK,15:30,17:00,90,54.48,45.2,4,Hohmann Transfer,9.08,0.4,0.02,0.0047,1.27,320.45
M0028,Kalpana-1,Reference,2026-02-20,10:02:00,"Satish Dhawan Space Centre, Sriharikota",PSLV,28000,292000,1750,4800,305,1060,3.72,GEO,35786,0.0,8.953,2988,292000,27.6,2.9,0.0,74.8,MODERATE RISK,09:45,10:30,45,36.02,32.1,3,Hohmann Transfer,6.16,0.363,0.02,0.0033,1.52,263.47
M0029,AstroSat,Reference,2026-02-23,05:28:00,"Satish Dhawan Space Centre, Sriharikota",PSLV,28000,292000,1750,4800,305,1513,4.04,LEO,650,6.0,10.027,626,292000,35.5,17.0,0.0,35.5,MODERATE RISK,05:00,05:45,45,38.25,51.9,3,Gravity Turn,6.16,0.298,0.02,0.0047,1.52,396.62
M0030,PawanSat-38,Synthetic,2026-02-25,21:10:00,Jiuquan Satellite Launch Center,Long March 5,82000,785000,25000,10565,340,11082.9,30.52,Polar LEO,478,89.2,10.364,694,785000,35.0,5.8,12.6,65.9,MODERATE RISK,20:30,21:30,60,104.8,44.2,3,Gravity Turn,19.63,0.392,0.02,0.0126,1.23,1096.02
M0031,NavIC-Test-92,Synthetic,2026-02-24,12:26:00,Tanegashima Space Center,H-IIA,35000,254000,15000,4390,340,5503.9,19.39,SSO,733,98.7,10.578,730,254000,15.4,5.1,16.4,34.8,MODERATE RISK,12:15,13:15,60,101.28,44.5,2,Gravity Turn,12.57,0.364,0.02,0.0187,1.52,574.84
M0032,EarthVision-45,Synthetic,2026-02-25,07:22:00,"Satish Dhawan Space Centre, Sriharikota",GSLV Mk III / LVM3,86000,554000,4000,9800,340,2340.6,8.55,GEO,35786,4.7,8.94,2571,554000,27.3,1.0,0.0,68.8,SAFE,07:15,08:00,45,72.28,29.8,2,Hohmann Transfer,12.57,0.328,0.02,0.0036,1.56,289.5
M0033,Solaris-86,Synthetic,2026-03-02,15:35:00,Baikonur Cosmodrome,Soyuz,26000,286000,8200,4148,310,3552.5,10.71,LEO,824,46.6,10.334,645,286000,21.4,3.2,13.2,93.5,MODERATE RISK,15:15,15:45,30,58.72,40.7,2,Gravity Turn,6.83,0.32,0.02,0.0113,1.34,625.2
M0034,NavIC-Test-01,Synthetic,2026-03-01,15:22:00,Kennedy Space Center,Electron,1050,11450,300,224,311,156.0,0.51,GEO,35786,2.6,8.873,2514,11450,14.8,16.0,0.0,71.1,MODERATE RISK,15:00,15:30,30,11.48,44.1,1,Three-Stage Ascent,1.13,0.307,0.02,0.0123,1.8,120.57
M0035,Chanakya-73,Synthetic,2026-03-03,12:46:00,Kennedy Space Center,Electron,1050,11450,300,224,311,182.9,0.67,Polar LEO,823,90.5,10.56,750,11450,34.2,6.9,0.0,44.8,MODERATE RISK,12:00,14:00,120,10.79,35.7,4,Gravity Turn,1.13,0.375,0.02,0.0144,1.8,179.0
M0036,SuryaSat-14,Synthetic,2026-03-06,14:35:00,Kennedy Space Center,Electron,1050,11450,300,224,311,250.8,0.9,SSO,782,98.7,11.001,726,11450,33.6,4.7,0.0,59.5,MODERATE RISK,14:30,15:15,45,11.34,41.2,4,Direct Ascent,1.13,0.373,0.02,0.0197,1.79,243.3
M0037,OceanWatch-93,Synthetic,2026-03-05,22:11:00,"Satish Dhawan Space Centre, Sriharikota",GSLV Mk III / LVM3,86000,554000,4000,9800,340,2046.2,5.51,MEO,4126,49.4,10.514,1584,554000,34.3,15.4,0.0,40.1,MODERATE RISK,21:45,23:15,90,73.14,44.1,1,Three-Stage Ascent,12.57,0.392,0.02,0.0032,1.56,294.14
M0038,VikramSat-95,Synthetic,2026-03-09,16:31:00,Vandenberg Space Force Base,Falcon Heavy,64000,1357000,63800,22819,311,29428.8,98.9,SSO,680,98.4,10.548,721,1357000,23.5,5.1,0.0,87.4,SAFE,16:15,16:45,30,139.27,26.0,4,Gravity Turn,10.75,0.32,0.02,0.0203,1.6,2228.87
M0039,EarthVision-97,Synthetic,2026-03-11,19:02:00,Xichang Satellite Launch Center,Long March 3B,45000,415000,11200,5923,320,4162.8,13.58,MEO,4471,52.6,10.537,1642,415000,15.1,1.8,0.0,89.0,MODERATE RISK,18:45,20:45,120,69.01,30.1,3,Three-Stage Ascent,8.81,0.332,0.02,0.009,1.3,635.61
M0040,ClimateSat-69,Synthetic,2026-03-11,11:02:00,Cape Canaveral,Atlas V,36000,554000,18850,3827,338,8197.6,24.26,LEO,184,26.5,10.086,561,554000,21.7,12.8,0.0,71.5,MODERATE RISK,10:45,12:15,90,124.7,34.4,3,Direct Ascent,11.4,0.343,0.02,0.0137,0.65,663.04
M0041,IndusSat-48,Synthetic,2026-03-14,06:35:00,Guiana Space Centre,Ariane 6,55000,530000,21600,15000,350,7892.1,23.08,SSO,546,97.7,10.878,690,530000,17.8,18.6,9.6,25.4,MODERATE RISK,05:15,06:45,90,130.58,50.1,1,Direct Ascent,22.9,0.329,0.02,0.0133,2.58,657.45
M0042,NavIC-Test-91,Synthetic,2026-03-12,07:44:00,Tanegashima Space Center,H-IIA,35000,254000,15000,4390,340,11979.1,44.14,GTO,35786,28.2,9.009,2359,254000,28.3,2.3,0.0,60.4,MODERATE RISK,06:30,08:00,90,108.4,36.9,5,Hohmann Transfer,12.57,0.283,0.02,0.0398,1.49,995.57
M0043,CosmoLink-36,Synthetic,2026-03-16,12:45:00,"Satish Dhawan Space Centre, Sriharikota",PSLV,28000,292000,1750,4800,305,1272.5,4.13,MEO,9521,53.5,10.126,2044,292000,32.2,4.0,0.0,66.5,MODERATE RISK,12:30,13:00,30,36.76,37.8,3,Three-Stage Ascent,6.16,0.402,0.02,0.004,1.52,350.53
M0044,GangaSat-78,Synthetic,2026-03-18,08:36:00,Tanegashima Space Center,H3,37000,275000,16000,5880,345,12305.6,35.28,MEO,17683,27.8,9.592,2773,275000,20.7,20.6,10.1,91.6,HIGH RISK / HOLD ADVISORY,08:00,09:00,60,70.98,61.8,2,Two-Stage Ascent,21.24,0.297,0.02,0.0379,1.85,1662.94
M0045,ClimateSat-26,Synthetic,2026-03-20,14:39:00,Cape Canaveral,Vulcan Centaur,35000,510000,27200,4900,355,20883.3,56.18,SSO,784,98.7,11.002,755,510000,36.4,20.2,0.0,41.6,MODERATE RISK,13:45,15:15,90,136.49,54.7,5,Direct Ascent,22.9,0.419,0.02,0.0369,0.88,1683.33
M0046,TejasSat-79,Synthetic,2026-03-20,06:50:00,Guiana Space Centre,Ariane 6,55000,530000,21600,15000,350,14043.0,43.48,Highly Elliptical Orbit,36131,38.9,8.833,2319,530000,28.1,21.4,8.6,90.5,MODERATE RISK,06:30,07:00,30,138.77,59.6,3,Three-Stage Ascent,22.9,0.309,0.02,0.0234,2.55,893.87
M0047,GeoCom-58,Synthetic,2026-03-22,18:11:00,"Satish Dhawan Space Centre, Sriharikota",PSLV,28000,292000,1750,4800,305,825.3,3.05,Polar LEO,598,90.4,10.451,726,292000,18.6,11.3,0.0,93.3,MODERATE RISK,18:00,18:30,30,36.16,37.0,1,Gravity Turn,6.16,0.283,0.02,0.0026,1.53,238.53
M0048,AgniSat-56,Synthetic,2026-03-21,21:05:00,Tanegashima Space Center,H3,37000,275000,16000,5880,345,7058.1,21.78,MEO,14647,44.5,9.831,2547,275000,31.2,17.2,0.0,55.3,MODERATE RISK,20:30,22:00,90,62.9,40.8,2,Two-Stage Ascent,21.24,0.318,0.02,0.0221,1.88,1103.15
M0049,SuryaSat-35,Synthetic,2026-03-26,12:08:00,"Satish Dhawan Space Centre, Sriharikota",GSLV Mk II,42000,372000,2500,5200,335,1326.6,4.29,Highly Elliptical Orbit,29060,31.6,9.018,2109,372000,17.8,3.4,0.0,70.9,MODERATE RISK,12:00,14:00,120,52.57,31.5,3,Three-Stage Ascent,9.08,0.343,0.02,0.0032,1.28,227.57
M0050,Zephyr-98,Synthetic,2026-03-24,16:39:00,Vostochny Cosmodrome,Soyuz,26000,286000,8200,4148,310,3145.5,9.5,LEO,1591,29.0,10.484,763,286000,28.2,16.3,14.1,54.4,MODERATE RISK,16:30,17:00,30,59.0,49.7,5,Gravity Turn,6.83,0.338,0.02,0.01,1.34,558.94
M0051,AeroNet-28,Synthetic,2026-03-27,22:29:00,Cape Canaveral,Vulcan Centaur,35000,510000,27200,4900,355,25812.3,78.93,Highly Elliptical Orbit,28683,59.1,9.366,2238,510000,27.5,9.1,0.0,84.3,MODERATE RISK,21:45,23:45,120,141.72,46.6,5,Hohmann Transfer,22.9,0.323,0.02,0.0452,0.88,1705.88
M0052,AeroNet-71,Synthetic,2026-03-29,09:33:00,Tanegashima Space Center,H3,37000,275000,16000,5880,345,10060.7,30.9,LEO,777,60.0,10.337,668,275000,25.5,21.7,0.0,49.5,MODERATE RISK,09:15,10:15,60,66.78,44.0,2,Gravity Turn,21.24,0.401,0.02,0.0312,1.86,1557.31
M0053,Zephyr-20,Synthetic,2026-03-29,15:34:00,Guiana Space Centre,Ariane 6,55000,530000,21600,15000,350,16809.4,59.86,Highly Elliptical Orbit,27677,42.7,9.27,2034,530000,25.3,2.3,0.0,38.1,MODERATE RISK,15:15,16:00,45,139.96,34.5,3,Hohmann Transfer,22.9,0.407,0.02,0.0279,2.54,1113.34
M0054,PawanSat-57,Synthetic,2026-04-01,10:13:00,Kennedy Space Center,Falcon 9,30000,519000,17500,7607,311,10486.7,38.3,LEO,384,60.1,10.088,595,519000,19.3,17.9,16.3,92.1,HIGH RISK / HOLD ADVISORY,09:00,10:30,90,86.59,61.0,2,Gravity Turn,10.75,0.399,0.02,0.0187,1.39,1221.73
M0055,TerraPulse-01,Synthetic,2026-04-02,17:14:00,Vandenberg Space Force Base,Falcon Heavy,64000,1357000,63800,22819,311,38113.3,122.62,LEO,1044,30.8,10.302,682,1357000,30.8,13.5,15.5,77.6,MODERATE RISK,15:30,17:30,120,152.13,54.7,5,Gravity Turn,10.75,0.381,0.02,0.0261,1.59,2580.97
M0056,AeroNet-84,Synthetic,2026-04-04,12:46:00,Jiuquan Satellite Launch Center,Long March 3B,45000,415000,11200,5923,320,4244.7,12.95,SSO,672,97.5,10.934,707,415000,23.1,3.6,0.0,92.7,SAFE,12:30,13:00,30,68.88,27.5,3,Direct Ascent,8.81,0.284,0.02,0.0091,1.3,673.8
M0057,OceanWatch-79,Synthetic,2026-04-07,15:47:00,Baikonur Cosmodrome,Soyuz,26000,286000,8200,4148,310,6229.2,22.13,Polar LEO,949,91.3,10.609,783,286000,36.8,13.8,1.7,92.1,MODERATE RISK,15:30,16:30,60,62.86,51.6,4,Gravity Turn,6.83,0.346,0.02,0.0196,1.33,1051.31
M0058,CosmoLink-63,Synthetic,2026-04-06,13:16:00,Guiana Space Centre,Ariane 6,55000,530000,21600,15000,350,13930.2,37.86,GEO,35786,3.3,8.8,2949,530000,29.0,22.1,0.0,30.4,MODERATE RISK,13:00,13:30,30,137.8,49.8,5,Three-Stage Ascent,22.9,0.328,0.02,0.0233,2.55,889.59
M0059,PawanSat-75,Synthetic,2026-04-10,12:07:00,Guiana Space Centre,Ariane 5,60000,717000,21000,13000,345,13667.0,49.61,Highly Elliptical Orbit,35928,60.7,9.132,1919,717000,21.3,13.0,0.0,56.6,MODERATE RISK,10:45,12:15,90,162.45,41.6,3,Hohmann Transfer,22.9,0.33,0.02,0.0173,1.68,768.28
M0060,EarthVision-39,Synthetic,2026-04-10,14:50:00,"Satish Dhawan Space Centre, Sriharikota",GSLV Mk II,42000,372000,2500,5200,335,969.7,2.85,Polar LEO,872,91.7,10.588,744,372000,24.6,13.7,5.2,63.9,MODERATE RISK,13:45,15:15,90,52.56,36.4,3,Gravity Turn,9.08,0.407,0.02,0.0023,1.28,195.34
M0061,Solaris-78,Synthetic,2026-04-11,17:32:00,Kennedy Space Center,Electron,1050,11450,300,224,311,260.4,0.73,Polar LEO,612,91.4,10.465,717,11450,18.4,3.0,0.0,69.4,MODERATE RISK,17:15,18:00,45,10.93,36.2,3,Gravity Turn,1.13,0.388,0.02,0.0204,1.79,249.32
M0062,AgroVision-93,Synthetic,2026-04-12,11:26:00,Tanegashima Space Center,H-IIA,35000,254000,15000,4390,340,7734.1,24.07,Highly Elliptical Orbit,37218,41.8,9.026,2299,254000,29.8,16.3,0.0,51.8,MODERATE RISK,10:45,11:45,60,103.84,43.2,1,Hohmann Transfer,12.57,0.386,0.02,0.0261,1.51,672.26
M0063,VarunaSat-37,Synthetic,2026-04-14,06:56:00,"Satish Dhawan Space Centre, Sriharikota",GSLV Mk II,42000,372000,2500,5200,335,2028.6,6.62,MEO,10911,36.0,9.927,2169,372000,22.0,20.3,0.0,50.9,MODERATE RISK,06:45,07:45,60,55.05,50.7,3,Three-Stage Ascent,9.08,0.407,0.02,0.0049,1.27,365.81
M0064,KavachSat-73,Synthetic,2026-04-15,18:48:00,"Satish Dhawan Space Centre, Sriharikota",GSLV Mk III / LVM3,86000,554000,4000,9800,340,3506.9,10.14,GTO,35786,19.0,8.8,2055,554000,23.8,7.6,0.0,65.2,MODERATE RISK,17:45,19:15,90,74.56,40.2,5,Three-Stage Ascent,12.57,0.295,0.02,0.0054,1.55,413.9
M0065,IndusSat-41,Synthetic,2026-04-19,08:19:00,"Satish Dhawan Space Centre, Sriharikota",PSLV,28000,292000,1750,4800,305,668.2,1.97,SSO,508,97.4,10.848,686,292000,32.7,6.8,0.0,37.1,MODERATE RISK,07:30,09:00,90,35.54,31.9,3,Direct Ascent,6.16,0.366,0.02,0.0021,1.53,203.96
M0066,KavachSat-97,Synthetic,2026-04-17,16:26:00,Tanegashima Space Center,H-IIA,35000,254000,15000,4390,340,9331.6,30.31,Polar LEO,753,89.6,10.524,755,254000,24.2,19.8,7.3,49.3,MODERATE RISK,16:00,17:00,60,106.23,48.7,1,Gravity Turn,12.57,0.396,0.02,0.0313,1.5,924.46
M0067,NovaOrbit-86,Synthetic,2026-04-21,13:49:00,Tanegashima Space Center,H-IIA,35000,254000,15000,4390,340,10030.4,33.7,LEO,1546,57.4,10.514,749,254000,16.8,9.6,0.0,30.3,MODERATE RISK,13:30,14:00,30,106.13,37.7,2,Gravity Turn,12.57,0.305,0.02,0.0335,1.5,993.68
M0068,Zephyr-85,Synthetic,2026-04-23,20:20:00,Guiana Space Centre,Ariane 5,60000,717000,21000,13000,345,13998.4,38.38,Highly Elliptical Orbit,32978,54.2,9.17,2292,717000,33.9,7.5,10.2,58.9,MODERATE RISK,19:30,21:30,120,163.69,51.6,4,Hohmann Transfer,22.9,0.349,0.02,0.0177,1.68,784.2
M0069,BrahmaSat-27,Synthetic,2026-04-25,20:37:00,Xichang Satellite Launch Center,Long March 3B,45000,415000,11200,5923,320,6688.3,24.04,SSO,625,98.3,10.522,731,415000,23.6,20.8,2.8,30.3,MODERATE RISK,19:30,21:30,120,73.27,44.6,1,Gravity Turn,8.81,0.338,0.02,0.0143,1.29,960.48
M0070,Vanguard-78,Synthetic,2026-04-25,13:20:00,"Satish Dhawan Space Centre, Sriharikota",GSLV Mk III / LVM3,86000,554000,4000,9800,340,3821.2,12.87,SSO,511,97.6,10.852,715,554000,17.1,7.7,6.6,35.5,MODERATE RISK,13:15,13:45,30,75.96,52.2,2,Direct Ascent,12.57,0.33,0.02,0.0059,1.55,545.91
M0071,TejasSat-62,Synthetic,2026-04-26,05:00:00,Cape Canaveral,Vulcan Centaur,35000,510000,27200,4900,355,12896.1,43.55,GEO,35786,2.2,8.874,2812,510000,33.0,16.4,9.4,76.4,MODERATE RISK,04:45,05:15,30,126.75,52.8,2,Three-Stage Ascent,22.9,0.34,0.02,0.0231,0.9,902.88
M0072,PrithviWatch-20,Synthetic,2026-04-26,15:40:00,Xichang Satellite Launch Center,Long March 3B,45000,415000,11200,5923,320,9599.8,32.66,GTO,35786,25.3,8.992,2302,415000,37.7,22.4,0.0,55.3,HIGH RISK / HOLD ADVISORY,14:45,16:45,120,78.23,61.8,2,Hohmann Transfer,8.81,0.411,0.02,0.0204,1.29,1103.43
M0073,DrishtiSat-89,Synthetic,2026-04-28,13:26:00,Vandenberg Space Force Base,Falcon Heavy,64000,1357000,63800,22819,311,52601.2,193.74,Highly Elliptical Orbit,35485,38.4,9.071,2020,1357000,26.3,18.5,12.5,33.6,HIGH RISK / HOLD ADVISORY,12:15,13:45,90,170.23,63.1,4,Hohmann Transfer,10.75,0.413,0.02,0.0357,1.58,2802.95
M0074,GeoCom-98,Synthetic,2026-04-29,13:43:00,Cape Canaveral,Atlas V,36000,554000,18850,3827,338,8245.3,24.83,Highly Elliptical Orbit,30244,49.3,9.098,2223,554000,26.9,20.3,9.8,48.2,MODERATE RISK,13:30,14:30,60,126.27,52.2,2,Three-Stage Ascent,11.4,0.307,0.02,0.0138,0.65,594.09
M0075,SuryaSat-82,Synthetic,2026-05-03,07:28:00,Cape Canaveral,Vulcan Centaur,35000,510000,27200,4900,355,23575.3,82.6,Highly Elliptical Orbit,37169,21.1,8.8,2248,510000,28.9,10.9,0.0,70.3,MODERATE RISK,06:45,08:45,120,138.96,45.7,4,Three-Stage Ascent,22.9,0.282,0.02,0.0415,0.88,1492.97
M0076,EarthVision-57,Synthetic,2026-05-04,20:11:00,Vostochny Cosmodrome,Soyuz,26000,286000,8200,4148,310,4676.9,16.76,SSO,590,98.4,10.485,707,286000,27.6,15.5,10.7,38.6,MODERATE RISK,20:00,21:30,90,60.79,49.1,2,Gravity Turn,6.83,0.416,0.02,0.0148,1.34,806.67
M0077,ClimateSat-46,Synthetic,2026-05-05,14:46:00,Xichang Satellite Launch Center,Long March 3B,45000,415000,11200,5923,320,8459.1,29.92,Highly Elliptical Orbit,37975,26.5,8.939,1938,415000,17.0,7.3,0.0,52.2,MODERATE RISK,14:30,15:00,30,75.15,41.7,5,Hohmann Transfer,8.81,0.348,0.02,0.0181,1.29,1006.2
M0078,TerraPulse-66,Synthetic,2026-05-06,05:24:00,"Satish Dhawan Space Centre, Sriharikota",GSLV Mk III / LVM3,86000,554000,4000,9800,340,3832.2,13.47,Polar LEO,811,91.5,10.563,754,554000,24.8,16.4,0.0,84.2,MODERATE RISK,05:00,05:45,45,75.59,47.7,2,Gravity Turn,12.57,0.418,0.02,0.006,1.55,535.51
M0079,OceanWatch-16,Synthetic,2026-05-08,06:26:00,"Satish Dhawan Space Centre, Sriharikota",GSLV Mk II,42000,372000,2500,5200,335,1445.2,3.98,GTO,35786,22.0,8.809,1916,372000,28.8,10.3,15.7,84.0,MODERATE RISK,05:15,07:15,120,54.58,53.4,1,Three-Stage Ascent,9.08,0.357,0.02,0.0035,1.28,233.25
M0080,OceanWatch-59,Synthetic,2026-05-10,05:08:00,Jiuquan Satellite Launch Center,Long March 3B,45000,415000,11200,5923,320,9768.1,29.48,Highly Elliptical Orbit,29944,25.2,9.216,2307,415000,29.7,6.5,0.0,47.4,MODERATE RISK,04:45,05:30,45,76.86,43.4,5,Hohmann Transfer,8.81,0.327,0.02,0.0208,1.29,1171.26
M0081,AgniSat-82,Synthetic,2026-05-10,07:44:00,"Satish Dhawan Space Centre, Sriharikota",GSLV Mk II,42000,372000,2500,5200,335,1997.1,6.58,SSO,614,97.8,10.518,715,372000,20.1,18.0,0.0,94.9,MODERATE RISK,06:45,08:15,90,54.98,50.4,5,Gravity Turn,9.08,0.361,0.02,0.0048,1.27,382.06
M0082,ClimateSat-08,Synthetic,2026-05-13,12:13:00,Guiana Space Centre,Ariane 5,60000,717000,21000,13000,345,16918.2,57.39,LEO,846,27.1,10.153,666,717000,17.6,2.4,0.0,33.7,MODERATE RISK,11:45,12:30,45,165.74,34.4,5,Gravity Turn,22.9,0.282,0.02,0.0213,1.67,1036.39
M0083,NavIC-Test-64,Synthetic,2026-05-16,06:13:00,Vandenberg Space Force Base,Falcon 9,30000,519000,17500,7607,311,11542.4,34.49,LEO,1625,8.6,10.762,808,519000,32.2,4.2,6.3,26.2,MODERATE RISK,06:00,06:45,45,86.2,41.6,2,Direct Ascent,10.75,0.36,0.02,0.0206,1.38,1441.06
M0084,PawanSat-15,Synthetic,2026-05-15,10:00:00,Guiana Space Centre,Ariane 5,60000,717000,21000,13000,345,12680.7,44.98,Highly Elliptical Orbit,38231,51.8,8.853,2280,717000,32.2,5.2,10.9,79.4,MODERATE RISK,09:30,11:00,90,161.7,46.8,5,Three-Stage Ascent,22.9,0.292,0.02,0.0161,1.68,694.26
M0085,CosmoLink-09,Synthetic,2026-05-16,06:40:00,Tanegashima Space Center,H3,37000,275000,16000,5880,345,9143.1,26.96,GTO,35786,18.9,8.858,2319,275000,19.1,7.7,0.0,52.0,MODERATE RISK,05:00,07:00,120,64.93,35.3,2,Three-Stage Ascent,21.24,0.372,0.02,0.0285,1.87,1247.34
M0086,IndusSat-87,Synthetic,2026-05-17,05:11:00,Tanegashima Space Center,H3,37000,275000,16000,5880,345,8353.2,29.46,Highly Elliptical Orbit,26092,54.7,9.435,2112,275000,22.1,20.2,0.0,72.3,MODERATE RISK,04:00,06:00,120,64.77,44.5,2,Hohmann Transfer,21.24,0.301,0.02,0.0261,1.87,1216.8
M0087,BharatEO-92,Synthetic,2026-05-21,21:41:00,Guiana Space Centre,Ariane 6,55000,530000,21600,15000,350,11492.2,35.49,Polar LEO,922,88.0,10.577,779,530000,23.0,12.7,8.2,83.1,MODERATE RISK,21:00,22:00,60,134.19,41.7,3,Gravity Turn,22.9,0.33,0.02,0.0193,2.56,905.83
M0088,GangaSat-77,Synthetic,2026-05-23,06:20:00,Cape Canaveral,Atlas V,36000,554000,18850,3827,338,10873.7,31.49,Polar LEO,545,88.3,10.403,685,554000,14.8,8.9,0.0,68.4,MODERATE RISK,05:30,06:30,60,128.06,36.1,3,Gravity Turn,11.4,0.381,0.02,0.0181,0.65,883.33
M0089,OceanWatch-22,Synthetic,2026-05-25,13:45:00,"Satish Dhawan Space Centre, Sriharikota",GSLV Mk III / LVM3,86000,554000,4000,9800,340,2193.0,7.14,GTO,35786,23.3,8.977,2350,554000,25.1,18.1,0.0,71.2,MODERATE RISK,13:15,14:15,60,73.2,42.7,2,Hohmann Transfer,12.57,0.407,0.02,0.0034,1.56,268.94
M0090,Solaris-84,Synthetic,2026-05-23,21:39:00,Tanegashima Space Center,H-IIA,35000,254000,15000,4390,340,7381.1,20.92,LEO,215,60.0,10.299,534,254000,15.5,13.6,0.0,72.4,MODERATE RISK,21:15,21:45,30,103.15,40.0,2,Direct Ascent,12.57,0.381,0.02,0.0249,1.51,736.97
M0091,BrahmaSat-38,Synthetic,2026-05-25,08:49:00,Guiana Space Centre,Ariane 5,60000,717000,21000,13000,345,15175.3,40.58,MEO,16218,26.8,9.613,2680,717000,18.8,3.4,0.0,80.2,MODERATE RISK,08:15,10:15,120,163.6,33.9,2,Two-Stage Ascent,22.9,0.334,0.02,0.0192,1.67,891.69
M0092,ClimateSat-30,Synthetic,2026-05-26,08:19:00,Cape Canaveral,Atlas V,36000,554000,18850,3827,338,6855.9,22.9,Polar LEO,486,89.4,10.77,694,554000,20.0,10.8,0.0,71.4,MODERATE RISK,08:00,08:45,45,122.91,32.3,2,Direct Ascent,11.4,0.319,0.02,0.0115,0.65,600.75
M0093,CosmoLink-21,Synthetic,2026-05-31,20:15:00,Tanegashima Space Center,H-IIA,35000,254000,15000,4390,340,7302.3,25.3,LEO,1020,52.7,10.381,689,254000,33.8,13.0,5.1,66.7,MODERATE RISK,18:30,20:30,120,103.32,43.2,4,Gravity Turn,12.57,0.312,0.02,0.0246,1.51,733.69
M0094,SuryaSat-93,Synthetic,2026-05-30,18:32:00,"Satish Dhawan Space Centre, Sriharikota",GSLV Mk III / LVM3,86000,554000,4000,9800,340,2185.7,6.77,MEO,14444,55.2,9.801,2499,554000,16.8,18.7,0.0,76.1,MODERATE RISK,16:45,18:45,120,73.45,45.8,3,Three-Stage Ascent,12.57,0.313,0.02,0.0034,1.56,291.65
M0095,VikramSat-49,Synthetic,2026-06-03,12:06:00,"Satish Dhawan Space Centre, Sriharikota",GSLV Mk III / LVM3,86000,554000,4000,9800,340,3077.9,8.57,MEO,11377,43.9,9.934,2203,554000,24.5,6.5,7.7,71.3,MODERATE RISK,12:00,13:00,60,74.39,44.2,5,Three-Stage Ascent,12.57,0.403,0.02,0.0048,1.55,411.02
M0096,NavIC-Test-06,Synthetic,2026-06-02,09:17:00,Vandenberg Space Force Base,Falcon Heavy,64000,1357000,63800,22819,311,61873.9,175.16,Highly Elliptical Orbit,24246,41.9,9.293,2039,1357000,24.8,8.9,0.0,41.3,MODERATE RISK,07:30,09:30,120,179.77,44.4,2,Three-Stage Ascent,10.75,0.369,0.02,0.0417,1.57,3198.5
M0097,OceanWatch-55,Synthetic,2026-06-05,16:47:00,Guiana Space Centre,Ariane 6,55000,530000,21600,15000,350,15444.2,56.55,GEO,35786,0.8,8.8,2590,530000,22.4,5.0,0.0,61.0,MODERATE RISK,16:15,17:45,90,138.32,34.5,2,Three-Stage Ascent,22.9,0.35,0.02,0.0257,2.55,982.57
M0098,KavachSat-32,Synthetic,2026-06-07,09:32:00,"Satish Dhawan Space Centre, Sriharikota",PSLV,28000,292000,1750,4800,305,776.8,2.25,LEO,1622,58.9,10.906,802,292000,25.8,2.4,10.7,72.6,MODERATE RISK,08:00,10:00,120,36.0,35.8,3,Direct Ascent,6.16,0.298,0.02,0.0024,1.53,235.33
M0099,AgniSat-66,Synthetic,2026-06-07,17:21:00,Vandenberg Space Force Base,Falcon Heavy,64000,1357000,63800,22819,311,25025.9,84.11,SSO,838,98.2,11.017,747,1357000,19.9,12.2,9.1,34.3,MODERATE RISK,16:00,17:30,90,135.45,43.2,1,Direct Ascent,10.75,0.399,0.02,0.0173,1.61,2035.51
M0100,GeoCom-04,Synthetic,2026-06-09,10:35:00,Tanegashima Space Center,H-IIA,35000,254000,15000,4390,340,13828.8,45.03,GEO,35786,3.7,9.043,2650,254000,15.6,13.1,4.7,90.0,MODERATE RISK,09:45,10:45,60,112.5,59.0,4,Hohmann Transfer,12.57,0.335,0.02,0.0457,1.48,1111.59
M0101,GangaSat-17,Synthetic,2026-06-10,16:04:00,Baikonur Cosmodrome,Soyuz,26000,286000,8200,4148,310,7569.5,22.04,MEO,3904,35.5,10.558,1526,286000,31.1,15.5,0.0,49.9,MODERATE RISK,15:15,16:15,60,64.56,52.6,1,Three-Stage Ascent,6.83,0.31,0.02,0.0237,1.32,1237.9
M0102,TejasSat-80,Synthetic,2026-06-13,07:03:00,Cape Canaveral,Atlas V,36000,554000,18850,3827,338,18293.0,54.05,GEO,35786,1.9,8.875,2762,554000,30.8,12.9,0.0,46.8,MODERATE RISK,06:30,07:15,45,138.27,51.5,5,Three-Stage Ascent,11.4,0.372,0.02,0.0301,0.64,1174.15
M0103,NovaOrbit-40,Synthetic,2026-06-14,04:07:00,Guiana Space Centre,Ariane 6,55000,530000,21600,15000,350,11950.8,41.04,Polar LEO,601,89.5,10.445,716,530000,20.7,22.1,5.4,91.8,MODERATE RISK,04:00,05:30,90,135.6,51.8,2,Gravity Turn,22.9,0.316,0.02,0.02,2.56,920.55
M0104,Chanakya-14,Synthetic,2026-06-15,08:44:00,Kennedy Space Center,Electron,1050,11450,300,224,311,217.0,0.78,Polar LEO,541,91.9,10.826,722,11450,34.5,1.9,0.0,93.2,MODERATE RISK,08:30,09:00,30,11.16,39.5,4,Direct Ascent,1.13,0.314,0.02,0.0171,1.8,210.51
M0105,SuryaSat-32,Synthetic,2026-06-15,08:53:00,Cape Canaveral,Atlas V,36000,554000,18850,3827,338,13228.7,48.2,GTO,35786,20.4,8.844,1980,554000,26.0,6.7,0.0,87.4,MODERATE RISK,08:30,09:30,60,130.94,36.8,5,Three-Stage Ascent,11.4,0.304,0.02,0.0219,0.65,893.5
M0106,OceanWatch-05,Synthetic,2026-06-18,17:38:00,Cape Canaveral,Atlas V,36000,554000,18850,3827,338,15067.9,45.47,GTO,35786,27.9,9.002,2104,554000,20.7,11.6,1.1,56.5,MODERATE RISK,17:15,17:45,30,133.9,45.6,5,Hohmann Transfer,11.4,0.361,0.02,0.0249,0.64,1013.0
M0107,GeoCom-78,Synthetic,2026-06-19,05:23:00,"Satish Dhawan Space Centre, Sriharikota",PSLV,28000,292000,1750,4800,305,907.3,2.53,Highly Elliptical Orbit,29916,38.4,9.021,1993,292000,17.2,14.7,0.0,34.7,MODERATE RISK,04:30,06:30,120,36.64,41.5,4,Three-Stage Ascent,6.16,0.349,0.02,0.0028,1.53,223.38
M0108,Chanakya-19,Synthetic,2026-06-21,04:21:00,Cape Canaveral,Atlas V,36000,554000,18850,3827,338,15388.7,56.69,GTO,35786,22.3,8.844,2147,554000,16.0,16.5,0.0,46.8,MODERATE RISK,04:00,04:30,30,134.75,51.1,3,Three-Stage Ascent,11.4,0.286,0.02,0.0254,0.64,1010.0
M0109,TejasSat-34,Synthetic,2026-06-24,15:33:00,Guiana Space Centre,Ariane 6,55000,530000,21600,15000,350,17322.5,58.53,Highly Elliptical Orbit,35561,22.2,8.8,2176,530000,16.0,16.7,0.0,25.2,MODERATE RISK,15:15,15:45,30,141.97,50.9,2,Three-Stage Ascent,22.9,0.392,0.02,0.0288,2.54,1073.73
M0110,TerraPulse-01,Synthetic,2026-06-24,06:48:00,Guiana Space Centre,Ariane 5,60000,717000,21000,13000,345,9069.9,28.48,LEO,1547,54.5,10.861,757,717000,14.9,9.3,0.0,50.6,MODERATE RISK,05:30,07:00,90,156.39,35.3,3,Direct Ascent,22.9,0.402,0.02,0.0115,1.69,629.89
M0111,NovaOrbit-37,Synthetic,2026-06-24,12:23:00,Cape Canaveral,Atlas V,36000,554000,18850,3827,338,10717.3,35.9,Polar LEO,749,88.2,10.512,752,554000,34.7,17.3,0.0,68.8,MODERATE RISK,12:00,13:00,60,128.56,44.2,2,Gravity Turn,11.4,0.357,0.02,0.0178,0.65,876.32
M0112,AeroNet-72,Synthetic,2026-06-27,15:15:00,Cape Canaveral,Vulcan Centaur,35000,510000,27200,4900,355,16883.0,47.8,Highly Elliptical Orbit,36259,40.5,8.879,2396,510000,15.0,22.2,0.0,31.6,MODERATE RISK,15:00,16:00,60,131.44,51.7,3,Three-Stage Ascent,22.9,0.401,0.02,0.03,0.89,1140.48
M0113,PrithviWatch-08,Synthetic,2026-06-27,15:42:00,Jiuquan Satellite Launch Center,Long March 5,82000,785000,25000,10565,340,16591.1,48.91,Highly Elliptical Orbit,33360,51.0,9.049,2045,785000,19.8,16.6,0.0,72.9,MODERATE RISK,14:15,16:15,120,111.47,44.9,3,Three-Stage Ascent,19.63,0.345,0.02,0.0188,1.22,1346.85
M0114,NavIC-Test-67,Synthetic,2026-06-30,20:43:00,Jiuquan Satellite Launch Center,Long March 3B,45000,415000,11200,5923,320,6924.2,23.74,GEO,35786,3.6,9.124,2571,415000,25.3,15.5,15.8,91.0,HIGH RISK / HOLD ADVISORY,20:00,21:00,60,74.89,60.3,3,Hohmann Transfer,8.81,0.337,0.02,0.0148,1.29,843.59
M0115,BharatEO-39,Synthetic,2026-07-02,09:49:00,Guiana Space Centre,Ariane 6,55000,530000,21600,15000,350,11825.3,43.83,GTO,35786,27.8,8.862,2316,530000,32.7,18.4,0.0,90.6,MODERATE RISK,09:00,10:00,60,135.18,48.7,3,Three-Stage Ascent,22.9,0.314,0.02,0.0198,2.56,775.23
M0116,VikramSat-64,Synthetic,2026-07-04,18:16:00,Kennedy Space Center,Falcon Heavy,64000,1357000,63800,22819,311,33784.3,98.13,Highly Elliptical Orbit,21730,60.2,9.64,2202,1357000,20.6,12.3,0.0,32.0,MODERATE RISK,18:00,18:30,30,145.57,38.6,1,Hohmann Transfer,10.75,0.418,0.02,0.0232,1.6,2237.28
M0117,GeoCom-38,Synthetic,2026-07-06,04:29:00,Xichang Satellite Launch Center,Long March 5,82000,785000,25000,10565,340,18336.4,51.78,MEO,16859,44.7,9.699,2690,785000,20.5,15.5,0.0,25.2,MODERATE RISK,04:00,05:00,60,113.47,43.8,2,Two-Stage Ascent,19.63,0.393,0.02,0.0207,1.22,1567.33
M0118,MeghdootSat-50,Synthetic,2026-07-07,07:58:00,Cape Canaveral,Atlas V,36000,554000,18850,3827,338,8419.7,27.81,GTO,35786,20.8,9.004,1973,554000,22.0,6.8,0.0,34.5,MODERATE RISK,07:00,08:30,90,124.69,31.2,2,Hohmann Transfer,11.4,0.352,0.02,0.0141,0.65,608.0
M0119,PrithviWatch-71,Synthetic,2026-07-06,12:52:00,Cape Canaveral,Vulcan Centaur,35000,510000,27200,4900,355,23847.6,80.45,GEO,35786,0.8,8.878,2884,510000,35.3,16.9,0.0,85.9,MODERATE RISK,11:15,13:15,120,140.11,55.4,2,Three-Stage Ascent,22.9,0.38,0.02,0.0419,0.88,1511.09
M0120,BharatEO-25,Synthetic,2026-07-10,09:35:00,Baikonur Cosmodrome,Soyuz,26000,286000,8200,4148,310,3993.8,11.94,LEO,1731,52.1,10.552,819,286000,21.8,10.0,14.7,27.3,MODERATE RISK,08:45,09:45,60,59.67,45.6,3,Gravity Turn,6.83,0.35,0.02,0.0126,1.34,706.26
M0121,SuryaSat-11,Synthetic,2026-07-12,16:01:00,Tanegashima Space Center,H-IIA,35000,254000,15000,4390,340,9701.8,35.26,SSO,544,97.4,10.466,700,254000,31.4,16.7,0.0,67.1,MODERATE RISK,15:45,16:15,30,106.23,43.5,1,Gravity Turn,12.57,0.414,0.02,0.0325,1.5,955.84
M0122,Zephyr-61,Synthetic,2026-07-13,16:05:00,Tanegashima Space Center,H3,37000,275000,16000,5880,345,6986.8,21.11,GEO,35786,4.9,8.88,2870,275000,21.3,5.4,0.0,49.1,SAFE,16:00,16:30,30,61.82,29.1,5,Three-Stage Ascent,21.24,0.343,0.02,0.0219,1.88,1003.6
M0123,BrahmaSat-25,Synthetic,2026-07-15,09:04:00,Xichang Satellite Launch Center,Long March 5,82000,785000,25000,10565,340,18634.7,59.74,GTO,35786,19.4,9.003,2256,785000,23.0,6.5,3.1,68.0,MODERATE RISK,08:45,09:45,60,113.53,40.3,3,Hohmann Transfer,19.63,0.281,0.02,0.021,1.22,1477.74
M0124,VikramSat-79,Synthetic,2026-07-13,10:50:00,"Satish Dhawan Space Centre, Sriharikota",GSLV Mk III / LVM3,86000,554000,4000,9800,340,2947.3,10.79,SSO,595,97.8,10.907,708,554000,33.8,3.7,0.0,36.0,MODERATE RISK,10:30,11:30,60,73.69,37.8,2,Direct Ascent,12.57,0.39,0.02,0.0046,1.55,436.24
M0125,BrahmaSat-72,Synthetic,2026-07-16,19:10:00,Baikonur Cosmodrome,Soyuz,26000,286000,8200,4148,310,6814.8,19.19,GTO,35786,23.6,9.134,1963,286000,21.7,10.6,5.0,70.5,MODERATE RISK,18:45,20:15,90,63.34,48.9,2,Hohmann Transfer,6.83,0.328,0.02,0.0214,1.33,982.73
M0126,ClimateSat-76,Synthetic,2026-07-18,05:55:00,"Satish Dhawan Space Centre, Sriharikota",PSLV,28000,292000,1750,4800,305,863.9,2.44,GEO,35786,4.1,8.941,2902,292000,19.5,21.1,0.0,32.8,MODERATE RISK,05:45,06:15,30,36.99,46.2,4,Hohmann Transfer,6.16,0.351,0.02,0.0027,1.53,208.82
M0127,ClimateSat-78,Synthetic,2026-07-20,14:17:00,Tanegashima Space Center,H-IIA,35000,254000,15000,4390,340,11168.8,33.85,MEO,6191,25.5,10.365,1788,254000,23.5,18.4,0.0,58.5,MODERATE RISK,13:00,15:00,120,108.11,44.9,4,Two-Stage Ascent,12.57,0.419,0.02,0.0372,1.49,1070.8
M0128,NavIC-Test-70,Synthetic,2026-07-20,14:35:00,Vandenberg Space Force Base,Falcon Heavy,64000,1357000,63800,22819,311,42120.3,156.52,SSO,750,98.0,10.578,735,1357000,16.1,13.9,0.0,57.1,MODERATE RISK,14:00,14:45,45,155.84,41.7,5,Gravity Turn,10.75,0.418,0.02,0.0288,1.59,2859.01
M0129,AeroNet-70,Synthetic,2026-07-23,11:18:00,"Satish Dhawan Space Centre, Sriharikota",GSLV Mk III / LVM3,86000,554000,4000,9800,340,1914.2,6.48,MEO,4434,28.0,10.389,1613,554000,21.0,16.0,0.0,74.5,MODERATE RISK,11:00,11:30,30,72.59,39.5,4,Three-Stage Ascent,12.57,0.294,0.02,0.003,1.56,273.96
M0130,ClimateSat-47,Synthetic,2026-07-24,20:52:00,Guiana Space Centre,Ariane 6,55000,530000,21600,15000,350,17860.6,47.73,LEO,1300,48.9,10.386,742,530000,32.4,17.8,15.6,45.3,HIGH RISK / HOLD ADVISORY,20:45,21:30,45,143.84,65.3,2,Gravity Turn,22.9,0.342,0.02,0.0296,2.54,1289.63
M0131,Vanguard-80,Synthetic,2026-07-26,19:12:00,Kennedy Space Center,Electron,1050,11450,300,224,311,115.6,0.39,SSO,757,98.2,10.587,726,11450,28.2,14.1,0.0,51.4,MODERATE RISK,18:45,20:45,120,10.54,33.7,2,Gravity Turn,1.13,0.394,0.02,0.0092,1.81,116.12
M0132,AgniSat-11,Synthetic,2026-07-26,22:05:00,"Satish Dhawan Space Centre, Sriharikota",PSLV,28000,292000,1750,4800,305,1306.8,4.5,LEO,724,55.4,10.657,636,292000,29.2,21.6,14.2,77.2,HIGH RISK / HOLD ADVISORY,21:00,23:00,120,39.13,65.2,1,Direct Ascent,6.16,0.289,0.02,0.0041,1.52,355.91
M0133,KavachSat-78,Synthetic,2026-07-29,18:08:00,Vostochny Cosmodrome,Soyuz,26000,286000,8200,4148,310,3290.5,10.64,Polar LEO,944,89.9,11.0,785,286000,23.3,11.7,9.1,89.6,MODERATE RISK,17:45,19:45,120,58.58,42.7,3,Direct Ascent,6.83,0.337,0.02,0.0104,1.34,617.88
M0134,KavachSat-09,Synthetic,2026-07-29,05:21:00,Guiana Space Centre,Ariane 6,55000,530000,21600,15000,350,18735.6,54.98,GTO,35786,27.9,8.862,2152,530000,14.9,16.5,0.0,46.9,MODERATE RISK,05:15,06:00,45,143.85,53.1,5,Three-Stage Ascent,22.9,0.419,0.02,0.031,2.53,1154.22
M0135,NavIC-Test-32,Synthetic,2026-08-02,18:38:00,Guiana Space Centre,Ariane 5,60000,717000,21000,13000,345,12067.8,34.03,Highly Elliptical Orbit,22516,41.2,9.46,2109,717000,33.9,4.3,0.0,71.7,MODERATE RISK,18:30,20:30,120,160.08,36.4,3,Hohmann Transfer,22.9,0.413,0.02,0.0153,1.68,713.15
M0136,AeroNet-83,Synthetic,2026-07-31,11:54:00,"Satish Dhawan Space Centre, Sriharikota",PSLV,28000,292000,1750,4800,305,675.2,2.4,Highly Elliptical Orbit,36279,54.9,8.93,1956,292000,33.7,22.4,0.0,59.4,MODERATE RISK,11:45,12:45,60,36.85,47.3,3,Three-Stage Ascent,6.16,0.352,0.02,0.0021,1.53,163.62
M0137,MeghdootSat-38,Synthetic,2026-08-02,16:31:00,"Satish Dhawan Space Centre, Sriharikota",PSLV,28000,292000,1750,4800,305,1616.4,4.75,Polar LEO,713,89.7,10.906,752,292000,19.9,8.3,16.4,43.9,MODERATE RISK,15:30,17:00,90,39.05,59.9,3,Direct Ascent,6.16,0.287,0.02,0.005,1.52,451.43
M0138,PrithviWatch-01,Synthetic,2026-08-06,12:07:00,Guiana Space Centre,Ariane 6,55000,530000,21600,15000,350,19953.4,55.11,SSO,812,97.5,10.612,746,530000,22.2,7.6,0.0,84.0,MODERATE RISK,10:45,12:15,90,144.16,39.5,1,Gravity Turn,22.9,0.282,0.02,0.033,2.53,1468.82
M0139,PawanSat-29,Synthetic,2026-08-05,14:51:00,Baikonur Cosmodrome,Soyuz,26000,286000,8200,4148,310,5066.8,14.94,LEO,624,11.7,10.145,599,286000,26.7,21.8,14.8,26.1,MODERATE RISK,14:45,16:15,90,62.12,59.3,5,Gravity Turn,6.83,0.406,0.02,0.016,1.33,827.47
M0140,NovaOrbit-89,Synthetic,2026-08-09,06:06:00,Guiana Space Centre,Ariane 5,60000,717000,21000,13000,345,9318.0,26.51,GTO,35786,24.9,9.003,1985,717000,19.7,4.3,0.0,42.8,MODERATE RISK,05:30,06:15,45,156.27,30.3,5,Hohmann Transfer,22.9,0.283,0.02,0.0119,1.69,536.83
M0141,ClimateSat-89,Synthetic,2026-08-10,18:42:00,Cape Canaveral,Atlas V,36000,554000,18850,3827,338,8547.0,25.91,Highly Elliptical Orbit,38892,33.4,8.8,1912,554000,29.9,21.8,0.0,82.7,MODERATE RISK,18:00,19:00,60,126.09,45.8,1,Three-Stage Ascent,11.4,0.287,0.02,0.0143,0.65,596.51
M0142,VikramSat-25,Synthetic,2026-08-12,14:44:00,"Satish Dhawan Space Centre, Sriharikota",GSLV Mk II,42000,372000,2500,5200,335,1459.3,4.08,LEO,1381,52.5,10.43,753,372000,25.8,4.6,8.4,86.7,MODERATE RISK,13:30,15:00,90,53.21,37.1,3,Gravity Turn,9.08,0.326,0.02,0.0035,1.28,286.05
M0143,ShaktiSat-89,Synthetic,2026-08-12,16:17:00,Kennedy Space Center,Falcon Heavy,64000,1357000,63800,22819,311,26920.8,86.43,GEO,35786,2.4,8.873,2959,1357000,21.9,22.0,0.0,90.2,MODERATE RISK,15:45,17:15,90,137.9,45.2,5,Three-Stage Ascent,10.75,0.288,0.02,0.0186,1.61,1732.18
M0144,Solaris-84,Synthetic,2026-08-13,18:36:00,Jiuquan Satellite Launch Center,Long March 5,82000,785000,25000,10565,340,14540.1,44.63,Highly Elliptical Orbit,30418,39.8,9.249,2251,785000,23.9,10.4,8.9,39.4,MODERATE RISK,17:30,19:30,120,109.02,45.0,3,Hohmann Transfer,19.63,0.363,0.02,0.0165,1.22,1233.55
M0145,KavachSat-80,Synthetic,2026-08-16,17:29:00,Tanegashima Space Center,H3,37000,275000,16000,5880,345,12487.1,44.17,GTO,35786,24.2,8.856,2160,275000,28.4,15.0,5.9,62.5,MODERATE RISK,16:45,18:15,90,70.41,52.5,4,Three-Stage Ascent,21.24,0.281,0.02,0.0385,1.85,1570.6
M0146,AgniSat-59,Synthetic,2026-08-15,18:37:00,Cape Canaveral,Falcon 9,30000,519000,17500,7607,311,9612.8,32.74,MEO,10813,50.8,10.111,2151,519000,22.8,16.3,0.0,57.3,MODERATE RISK,18:15,19:00,45,83.64,38.7,5,Two-Stage Ascent,10.75,0.386,0.02,0.0172,1.39,1162.06
M0147,AuraScan-80,Synthetic,2026-08-19,12:45:00,Vostochny Cosmodrome,Soyuz,26000,286000,8200,4148,310,5761.5,15.31,Highly Elliptical Orbit,34890,40.4,9.168,2138,286000,34.4,5.0,0.0,68.7,MODERATE RISK,12:30,14:30,120,61.35,40.4,4,Hohmann Transfer,6.83,0.337,0.02,0.0181,1.33,860.98
M0148,IndusSat-17,Synthetic,2026-08-18,12:00:00,Tanegashima Space Center,H-IIA,35000,254000,15000,4390,340,9317.0,32.36,GEO,35786,2.6,9.046,2413,254000,15.3,2.2,0.0,71.7,MODERATE RISK,10:45,12:45,120,105.04,34.9,4,Hohmann Transfer,12.57,0.322,0.02,0.0312,1.5,802.38
M0149,IndusSat-94,Synthetic,2026-08-21,18:03:00,Guiana Space Centre,Ariane 5,60000,717000,21000,13000,345,19428.8,72.0,LEO,1477,57.0,10.468,756,717000,34.6,4.6,0.0,49.6,MODERATE RISK,17:30,18:15,45,169.41,42.2,4,Gravity Turn,22.9,0.311,0.02,0.0244,1.66,1200.52
M0150,Chanakya-84,Synthetic,2026-08-24,12:22:00,Cape Canaveral,Atlas V,36000,554000,18850,3827,338,11747.8,38.78,MEO,6466,53.1,10.46,1749,554000,21.9,14.5,0.0,51.4,MODERATE RISK,11:45,12:30,45,129.39,39.4,4,Two-Stage Ascent,11.4,0.419,0.02,0.0195,0.65,949.7
M0151,AeroNet-79,Synthetic,2026-08-24,19:14:00,Kennedy Space Center,Falcon Heavy,64000,1357000,63800,22819,311,50139.4,146.84,Polar LEO,683,88.8,10.485,724,1357000,23.7,15.4,1.4,49.1,MODERATE RISK,19:00,20:00,60,165.58,43.1,1,Gravity Turn,10.75,0.302,0.02,0.0341,1.58,3174.97
M0152,IndusSat-30,Synthetic,2026-08-27,20:47:00,Guiana Space Centre,Ariane 6,55000,530000,21600,15000,350,18931.9,64.68,MEO,9073,26.4,10.084,1983,530000,22.5,18.3,0.0,55.7,MODERATE RISK,20:15,21:00,45,143.73,48.9,2,Two-Stage Ascent,22.9,0.344,0.02,0.0313,2.53,1328.25
M0153,ClimateSat-32,Synthetic,2026-08-26,05:10:00,Guiana Space Centre,Ariane 6,55000,530000,21600,15000,350,10730.5,35.47,LEO,1647,57.1,10.491,812,530000,24.6,1.8,5.6,58.8,SAFE,04:00,06:00,120,132.16,28.6,3,Gravity Turn,22.9,0.315,0.02,0.018,2.57,851.8
M0154,GeoCom-73,Synthetic,2026-08-30,05:45:00,Kennedy Space Center,Electron,1050,11450,300,224,311,150.5,0.4,Polar LEO,923,91.6,10.604,789,11450,35.0,2.5,12.5,90.8,MODERATE RISK,05:15,06:15,60,11.52,44.7,2,Gravity Turn,1.13,0.35,0.02,0.0119,1.81,138.53
M0155,NovaOrbit-57,Synthetic,2026-08-31,10:32:00,"Satish Dhawan Space Centre, Sriharikota",PSLV,28000,292000,1750,4800,305,1217.3,3.99,GEO,35786,0.8,8.95,2403,292000,24.7,21.0,0.0,84.1,MODERATE RISK,09:30,11:30,120,37.61,48.5,5,Hohmann Transfer,6.16,0.308,0.02,0.0038,1.52,289.68
M0156,TejasSat-07,Synthetic,2026-08-31,07:37:00,Jiuquan Satellite Launch Center,Long March 3B,45000,415000,11200,5923,320,6983.8,25.12,Polar LEO,872,90.1,10.576,741,415000,27.4,21.4,0.0,55.4,MODERATE RISK,07:15,08:00,45,73.63,44.7,3,Gravity Turn,8.81,0.35,0.02,0.015,1.29,1003.13
M0157,SuryaSat-68,Synthetic,2026-09-04,09:36:00,Xichang Satellite Launch Center,Long March 5,82000,785000,25000,10565,340,16247.9,60.01,LEO,224,22.2,9.733,544,785000,16.4,13.3,13.8,31.0,MODERATE RISK,09:00,09:45,45,111.88,54.5,5,Gravity Turn,19.63,0.31,0.02,0.0184,1.22,1413.49
M0158,Vanguard-86,Synthetic,2026-09-02,12:05:00,"Satish Dhawan Space Centre, Sriharikota",GSLV Mk III / LVM3,86000,554000,4000,9800,340,2523.3,9.38,Polar LEO,847,91.4,10.977,746,554000,17.7,16.5,0.0,87.3,MODERATE RISK,11:45,12:15,30,73.81,45.2,2,Direct Ascent,12.57,0.337,0.02,0.0039,1.56,375.26
M0159,PawanSat-36,Synthetic,2026-09-05,08:50:00,Tanegashima Space Center,H-IIA,35000,254000,15000,4390,340,6447.3,18.31,SSO,735,98.8,10.98,717,254000,15.0,21.9,18.0,66.4,HIGH RISK / HOLD ADVISORY,08:45,09:45,60,104.09,64.3,1,Direct Ascent,12.57,0.302,0.02,0.0218,1.52,680.1
M0160,BrahmaSat-94,Synthetic,2026-09-05,16:10:00,Kennedy Space Center,Falcon Heavy,64000,1357000,63800,22819,311,55094.1,204.72,LEO,805,40.9,10.24,654,1357000,23.7,10.4,0.0,58.6,MODERATE RISK,15:30,16:30,60,171.21,39.4,3,Gravity Turn,10.75,0.328,0.02,0.0373,1.58,3295.16
M0161,SuryaSat-65,Synthetic,2026-09-08,12:52:00,Jiuquan Satellite Launch Center,Long March 3B,45000,415000,11200,5923,320,8958.0,29.23,GTO,35786,21.6,9.095,2253,415000,16.9,5.2,0.0,26.1,MODERATE RISK,12:45,13:15,30,75.7,41.1,3,Hohmann Transfer,8.81,0.299,0.02,0.0191,1.29,1076.26
M0162,BrahmaSat-50,Synthetic,2026-09-11,10:25:00,Kennedy Space Center,Electron,1050,11450,300,224,311,183.1,0.61,GEO,35786,2.7,8.873,2745,11450,35.4,2.5,15.6,30.0,MODERATE RISK,09:30,10:30,60,12.11,51.2,2,Three-Stage Ascent,1.13,0.407,0.02,0.0144,1.8,134.16
M0163,PawanSat-48,Synthetic,2026-09-12,05:22:00,Guiana Space Centre,Ariane 6,55000,530000,21600,15000,350,10875.4,34.98,SSO,788,97.9,10.605,751,530000,20.4,13.3,11.1,61.8,MODERATE RISK,04:45,05:45,60,133.82,46.1,3,Gravity Turn,22.9,0.302,0.02,0.0183,2.57,861.86
M0164,ClimateSat-39,Synthetic,2026-09-13,06:25:00,"Satish Dhawan Space Centre, Sriharikota",GSLV Mk II,42000,372000,2500,5200,335,1756.0,6.36,Polar LEO,902,89.9,10.985,785,372000,25.1,1.5,0.0,80.9,SAFE,04:45,06:45,120,52.93,29.7,2,Direct Ascent,9.08,0.291,0.02,0.0042,1.28,364.44
M0165,Zephyr-53,Synthetic,2026-09-14,11:49:00,Vostochny Cosmodrome,Soyuz,26000,286000,8200,4148,310,3143.9,10.48,Polar LEO,548,91.1,10.422,709,286000,20.7,11.6,0.0,38.9,MODERATE RISK,11:15,12:00,45,57.4,30.9,4,Gravity Turn,6.83,0.283,0.02,0.01,1.34,570.83
M0166,EarthVision-26,Synthetic,2026-09-16,20:05:00,Cape Canaveral,Falcon 9,30000,519000,17500,7607,311,13940.6,48.25,GTO,35786,25.3,8.993,2038,519000,36.3,16.2,0.0,71.6,MODERATE RISK,18:45,20:45,120,90.13,53.9,2,Hohmann Transfer,10.75,0.395,0.02,0.0248,1.38,1390.97
M0167,GeoCom-40,Synthetic,2026-09-17,18:57:00,"Satish Dhawan Space Centre, Sriharikota",PSLV,28000,292000,1750,4800,305,1505.7,4.51,Polar LEO,688,92.0,10.912,712,292000,29.8,13.0,6.9,68.6,MODERATE RISK,18:30,19:15,45,38.4,53.8,3,Direct Ascent,6.16,0.325,0.02,0.0047,1.52,427.87
M0168,GangaSat-95,Synthetic,2026-09-18,15:37:00,Guiana Space Centre,Ariane 6,55000,530000,21600,15000,350,15126.3,49.9,Highly Elliptical Orbit,24612,59.6,9.329,2066,530000,21.1,2.9,0.0,29.7,MODERATE RISK,15:15,15:45,30,137.81,33.0,5,Three-Stage Ascent,22.9,0.352,0.02,0.0252,2.55,1023.97
M0169,GeoCom-50,Synthetic,2026-09-22,19:06:00,Guiana Space Centre,Ariane 5,60000,717000,21000,13000,345,11999.7,40.63,MEO,11375,37.7,9.963,2239,717000,24.1,2.0,10.7,27.1,MODERATE RISK,18:45,19:30,45,160.02,36.6,2,Two-Stage Ascent,22.9,0.406,0.02,0.0152,1.68,747.11
M0170,PawanSat-70,Synthetic,2026-09-23,08:10:00,"Satish Dhawan Space Centre, Sriharikota",GSLV Mk III / LVM3,86000,554000,4000,9800,340,2168.7,5.98,LEO,677,30.0,10.099,616,554000,31.8,18.3,3.0,84.7,MODERATE RISK,07:30,08:15,45,73.43,45.8,1,Gravity Turn,12.57,0.355,0.02,0.0034,1.56,298.27
M0171,Solaris-74,Synthetic,2026-09-23,21:47:00,"Satish Dhawan Space Centre, Sriharikota",GSLV Mk III / LVM3,86000,554000,4000,9800,340,2165.1,7.89,LEO,1799,59.5,10.928,818,554000,18.5,5.4,9.7,90.1,MODERATE RISK,21:15,22:00,45,73.26,43.8,3,Direct Ascent,12.57,0.35,0.02,0.0034,1.56,322.96
M0172,TerraPulse-44,Synthetic,2026-09-26,14:45:00,Guiana Space Centre,Ariane 5,60000,717000,21000,13000,345,15251.4,49.9,Highly Elliptical Orbit,34312,56.8,9.149,1927,717000,16.0,0.9,2.0,36.5,MODERATE RISK,14:30,15:00,30,164.04,38.0,3,Hohmann Transfer,22.9,0.343,0.02,0.0193,1.67,850.62
M0173,KavachSat-19,Synthetic,2026-09-26,21:19:00,Kennedy Space Center,Falcon Heavy,64000,1357000,63800,22819,311,41381.4,129.3,Highly Elliptical Orbit,32003,56.0,9.241,2119,1357000,20.0,20.9,0.0,37.8,MODERATE RISK,21:00,22:00,60,155.59,49.2,4,Hohmann Transfer,10.75,0.394,0.02,0.0283,1.59,2457.78
M0174,BrahmaSat-22,Synthetic,2026-09-29,06:53:00,Cape Canaveral,Falcon 9,30000,519000,17500,7607,311,6899.2,23.41,Polar LEO,797,91.9,10.959,746,519000,31.7,18.8,0.0,83.3,MODERATE RISK,06:00,08:00,120,80.67,42.1,1,Direct Ascent,10.75,0.395,0.02,0.0124,1.4,937.25
M0175,BharatEO-21,Synthetic,2026-09-28,20:35:00,Cape Canaveral,Falcon 9,30000,519000,17500,7607,311,7901.3,26.41,MEO,6116,41.4,10.426,1736,519000,20.8,18.3,8.1,60.2,MODERATE RISK,20:30,21:30,60,82.35,47.7,4,Two-Stage Ascent,10.75,0.299,0.02,0.0142,1.39,1000.35
M0176,GeoCom-81,Synthetic,2026-10-02,21:44:00,Tanegashima Space Center,H3,37000,275000,16000,5880,345,7435.1,20.86,GEO,35786,3.5,8.884,2635,275000,26.5,8.4,0.0,93.4,MODERATE RISK,21:30,22:00,30,62.91,35.6,2,Three-Stage Ascent,21.24,0.379,0.02,0.0233,1.88,1049.97
M0177,ShaktiSat-26,Synthetic,2026-10-01,09:25:00,Vandenberg Space Force Base,Falcon Heavy,64000,1357000,63800,22819,311,31045.7,109.84,GTO,35786,18.1,9.05,1907,1357000,36.4,5.4,0.0,53.5,MODERATE RISK,09:00,09:30,30,142.15,37.0,3,Hohmann Transfer,10.75,0.306,0.02,0.0214,1.6,1976.53
M0178,GeoCom-25,Synthetic,2026-10-04,19:55:00,"Satish Dhawan Space Centre, Sriharikota",GSLV Mk III / LVM3,86000,554000,4000,9800,340,3156.4,9.39,MEO,4519,43.4,10.454,1586,554000,17.0,18.8,0.0,47.6,MODERATE RISK,19:45,21:45,120,75.13,51.8,2,Three-Stage Ascent,12.57,0.417,0.02,0.0049,1.55,439.2
M0179,KavachSat-80,Synthetic,2026-10-04,06:30:00,Xichang Satellite Launch Center,Long March 5,82000,785000,25000,10565,340,9027.9,31.41,SSO,804,97.8,11.004,736,785000,27.6,7.9,0.0,52.2,SAFE,06:00,06:45,45,101.09,29.5,1,Direct Ascent,19.63,0.391,0.02,0.0103,1.23,982.72
M0180,IndusSat-17,Synthetic,2026-10-07,21:41:00,Jiuquan Satellite Launch Center,Long March 3B,45000,415000,11200,5923,320,6503.8,20.16,LEO,974,37.2,10.33,701,415000,18.5,0.9,0.0,42.2,SAFE,20:00,22:00,120,71.54,26.9,1,Gravity Turn,8.81,0.415,0.02,0.0139,1.29,939.11
M0181,Chanakya-49,Synthetic,2026-10-07,04:49:00,Cape Canaveral,Atlas V,36000,554000,18850,3827,338,6742.1,24.27,Highly Elliptical Orbit,28776,31.6,9.224,2148,554000,27.4,18.5,0.0,61.9,MODERATE RISK,04:30,05:15,45,123.48,40.6,4,Hohmann Transfer,11.4,0.36,0.02,0.0113,0.65,503.64
M0182,Vanguard-96,Synthetic,2026-10-08,06:33:00,Xichang Satellite Launch Center,Long March 3B,45000,415000,11200,5923,320,5861.6,16.93,SSO,647,98.4,10.935,715,415000,30.0,20.2,0.0,60.4,MODERATE RISK,06:15,07:00,45,72.3,44.9,4,Direct Ascent,8.81,0.368,0.02,0.0126,1.3,886.54
M0183,OceanWatch-86,Synthetic,2026-10-11,09:21:00,Guiana Space Centre,Ariane 5,60000,717000,21000,13000,345,10597.8,30.04,Highly Elliptical Orbit,21922,46.9,9.518,2046,717000,18.3,6.2,0.0,58.3,MODERATE RISK,09:00,09:30,30,158.13,34.1,2,Hohmann Transfer,22.9,0.353,0.02,0.0135,1.68,637.89
M0184,GeoCom-49,Synthetic,2026-10-13,07:35:00,Jiuquan Satellite Launch Center,Long March 3B,45000,415000,11200,5923,320,10864.9,31.26,GEO,35786,2.2,9.128,2801,415000,15.4,14.8,0.0,85.6,MODERATE RISK,07:15,07:45,30,79.21,55.5,5,Hohmann Transfer,8.81,0.348,0.02,0.0231,1.28,1252.05
M0185,VikramSat-15,Synthetic,2026-10-13,07:41:00,"Satish Dhawan Space Centre, Sriharikota",PSLV,28000,292000,1750,4800,305,926.8,2.75,Highly Elliptical Orbit,26410,45.9,9.341,1917,292000,18.4,6.0,0.0,73.6,MODERATE RISK,07:00,08:30,90,36.06,34.4,1,Hohmann Transfer,6.16,0.298,0.02,0.0029,1.53,240.08
M0186,NovaOrbit-95,Synthetic,2026-10-14,19:19:00,Cape Canaveral,Vulcan Centaur,35000,510000,27200,4900,355,13051.0,39.31,MEO,16168,31.4,9.68,2621,510000,34.7,21.4,0.0,67.3,MODERATE RISK,19:00,21:00,120,126.48,47.4,3,Two-Stage Ascent,22.9,0.386,0.02,0.0234,0.9,998.84
M0187,EarthVision-50,Synthetic,2026-10-19,05:30:00,Cape Canaveral,Atlas V,36000,554000,18850,3827,338,18245.8,66.95,Highly Elliptical Orbit,27519,27.7,9.254,2245,554000,35.3,7.8,0.0,34.1,MODERATE RISK,04:15,05:45,90,138.14,50.7,3,Hohmann Transfer,11.4,0.331,0.02,0.03,0.64,1222.29
M0188,DrishtiSat-25,Synthetic,2026-10-19,05:45:00,Vostochny Cosmodrome,Soyuz,26000,286000,8200,4148,310,6873.4,25.02,SSO,603,97.7,10.489,695,286000,35.7,9.8,10.3,84.8,MODERATE RISK,05:30,07:00,90,63.95,55.3,5,Gravity Turn,6.83,0.361,0.02,0.0216,1.33,1127.37
M0189,EarthVision-71,Synthetic,2026-10-22,09:36:00,"Satish Dhawan Space Centre, Sriharikota",PSLV,28000,292000,1750,4800,305,1137.8,3.31,GTO,35786,21.6,8.967,2041,292000,25.4,2.3,0.0,52.6,MODERATE RISK,09:30,10:30,60,36.05,31.3,1,Hohmann Transfer,6.16,0.392,0.02,0.0035,1.52,283.01
M0190,AgniSat-50,Synthetic,2026-10-21,10:32:00,Guiana Space Centre,Ariane 5,60000,717000,21000,13000,345,8309.2,29.35,SSO,830,98.3,10.626,736,717000,21.3,0.8,0.0,76.9,SAFE,08:45,10:45,120,154.29,21.3,3,Gravity Turn,22.9,0.366,0.02,0.0106,1.69,572.26
M0191,ShaktiSat-30,Synthetic,2026-10-24,10:57:00,"Satish Dhawan Space Centre, Sriharikota",PSLV,28000,292000,1750,4800,305,758.0,2.58,GEO,35786,3.2,8.944,2558,292000,29.2,3.5,0.0,45.8,SAFE,10:00,11:30,90,35.47,29.9,1,Hohmann Transfer,6.16,0.345,0.02,0.0024,1.53,191.13
M0192,Zephyr-55,Synthetic,2026-10-26,17:57:00,Xichang Satellite Launch Center,Long March 3B,45000,415000,11200,5923,320,6893.1,23.04,LEO,424,9.5,9.922,613,415000,27.4,4.6,0.0,35.3,SAFE,17:30,19:00,90,72.25,29.7,2,Gravity Turn,8.81,0.331,0.02,0.0148,1.29,946.62
M0193,MeghdootSat-60,Synthetic,2026-10-27,15:21:00,Vandenberg Space Force Base,Falcon 9,30000,519000,17500,7607,311,14839.1,53.37,Highly Elliptical Orbit,21742,50.0,9.596,2095,519000,36.8,20.9,10.5,30.2,HIGH RISK / HOLD ADVISORY,15:15,15:45,30,92.59,70.2,1,Hohmann Transfer,10.75,0.323,0.02,0.0263,1.38,1537.92
M0194,Solaris-95,Synthetic,2026-10-26,20:39:00,Jiuquan Satellite Launch Center,Long March 5,82000,785000,25000,10565,340,14870.5,43.8,MEO,10487,32.1,10.095,2155,785000,16.6,7.3,0.0,88.5,MODERATE RISK,20:00,20:45,45,108.73,36.9,1,Two-Stage Ascent,19.63,0.291,0.02,0.0169,1.22,1380.65
M0195,AeroNet-61,Synthetic,2026-10-31,09:58:00,Tanegashima Space Center,H3,37000,275000,16000,5880,345,9511.9,25.69,GTO,35786,20.4,9.017,2241,275000,16.1,6.6,0.0,79.5,MODERATE RISK,09:45,10:15,30,65.58,37.7,5,Hohmann Transfer,21.24,0.361,0.02,0.0296,1.86,1307.85
M0196,Chanakya-58,Synthetic,2026-10-30,21:32:00,Tanegashima Space Center,H3,37000,275000,16000,5880,345,7226.4,26.16,MEO,12943,30.8,9.879,2367,275000,35.8,17.8,0.0,43.2,MODERATE RISK,21:15,22:00,45,63.4,44.3,4,Two-Stage Ascent,21.24,0.387,0.02,0.0226,1.88,1126.02
M0197,SuryaSat-41,Synthetic,2026-11-03,19:36:00,"Satish Dhawan Space Centre, Sriharikota",GSLV Mk II,42000,372000,2500,5200,335,1470.4,4.64,MEO,12661,29.5,9.779,2345,372000,22.2,7.8,0.0,77.8,MODERATE RISK,19:30,20:00,30,52.96,34.0,5,Three-Stage Ascent,9.08,0.387,0.02,0.0035,1.28,271.51
M0198,GangaSat-79,Synthetic,2026-11-01,19:22:00,"Satish Dhawan Space Centre, Sriharikota",GSLV Mk III / LVM3,86000,554000,4000,9800,340,1903.3,6.79,GEO,35786,2.1,8.8,2633,554000,35.7,10.4,0.0,81.1,MODERATE RISK,19:00,19:30,30,72.6,39.7,1,Three-Stage Ascent,12.57,0.291,0.02,0.003,1.56,230.7
M0199,TerraPulse-05,Synthetic,2026-11-06,22:48:00,"Satish Dhawan Space Centre, Sriharikota",GSLV Mk III / LVM3,86000,554000,4000,9800,340,2772.5,8.28,SSO,746,98.6,10.591,740,554000,22.0,17.6,0.0,70.0,MODERATE RISK,21:45,23:45,120,73.85,42.2,5,Gravity Turn,12.57,0.409,0.02,0.0043,1.55,397.61
M0200,OceanWatch-11,Synthetic,2026-11-05,07:29:00,Kennedy Space Center,Electron,1050,11450,300,224,311,163.7,0.6,Polar LEO,532,90.4,10.809,719,11450,16.7,6.5,0.0,34.9,MODERATE RISK,07:15,08:15,60,10.64,34.2,2,Direct Ascent,1.13,0.322,0.02,0.0129,1.8,166.3
M0201,BrahmaSat-79,Synthetic,2026-11-07,04:31:00,Baikonur Cosmodrome,Soyuz,26000,286000,8200,4148,310,3629.5,11.07,MEO,8976,45.6,10.21,2015,286000,21.4,14.6,0.0,54.8,MODERATE RISK,04:15,04:45,30,58.53,37.3,3,Three-Stage Ascent,6.83,0.376,0.02,0.0115,1.34,633.13
M0202,TejasSat-74,Synthetic,2026-11-09,12:27:00,Xichang Satellite Launch Center,Long March 5,82000,785000,25000,10565,340,23307.9,75.44,Highly Elliptical Orbit,27477,46.4,9.334,2004,785000,36.4,8.9,2.2,32.2,MODERATE RISK,12:15,12:45,30,120.26,53.5,1,Hohmann Transfer,19.63,0.326,0.02,0.0262,1.21,1809.05
M0203,Zephyr-35,Synthetic,2026-11-12,14:54:00,Tanegashima Space Center,H3,37000,275000,16000,5880,345,11873.1,41.05,GTO,35786,26.7,9.004,2194,275000,34.0,5.9,0.0,34.4,MODERATE RISK,14:15,15:00,45,68.78,42.0,3,Hohmann Transfer,21.24,0.389,0.02,0.0367,1.85,1554.31
M0204,AgroVision-40,Synthetic,2026-11-10,13:35:00,Jiuquan Satellite Launch Center,Long March 5,82000,785000,25000,10565,340,14159.0,39.03,LEO,384,37.4,10.013,605,785000,29.1,7.3,0.0,40.8,MODERATE RISK,12:15,14:15,120,107.46,32.0,1,Gravity Turn,19.63,0.299,0.02,0.0161,1.22,1319.32
M0205,VarunaSat-74,Synthetic,2026-11-15,14:17:00,Xichang Satellite Launch Center,Long March 5,82000,785000,25000,10565,340,17879.4,50.06,GTO,35786,27.3,8.839,2071,785000,37.3,2.9,0.0,89.6,MODERATE RISK,13:30,15:00,90,112.73,41.5,2,Three-Stage Ascent,19.63,0.32,0.02,0.0202,1.22,1401.9
M0206,BrahmaSat-92,Synthetic,2026-11-14,10:07:00,Guiana Space Centre,Ariane 6,55000,530000,21600,15000,350,9748.1,36.41,GEO,35786,1.9,8.9,2626,530000,27.9,22.4,0.0,28.1,MODERATE RISK,09:00,10:30,90,132.47,46.1,3,Hohmann Transfer,22.9,0.384,0.02,0.0164,2.57,654.93
M0207,NovaOrbit-35,Synthetic,2026-11-15,20:40:00,"Satish Dhawan Space Centre, Sriharikota",PSLV,28000,292000,1750,4800,305,1410.2,4.56,GEO,35786,1.4,8.949,2649,292000,17.4,15.8,2.0,78.6,MODERATE RISK,19:45,20:45,60,38.16,52.3,3,Hohmann Transfer,6.16,0.419,0.02,0.0044,1.52,330.71
M0208,IndusSat-08,Synthetic,2026-11-18,17:56:00,Guiana Space Centre,Ariane 5,60000,717000,21000,13000,345,15438.6,51.59,GEO,35786,2.9,8.8,2997,717000,34.8,3.6,0.0,87.9,MODERATE RISK,17:30,19:00,90,164.47,40.4,5,Three-Stage Ascent,22.9,0.381,0.02,0.0195,1.67,826.05
M0209,MeghdootSat-75,Synthetic,2026-11-21,13:43:00,Kennedy Space Center,Falcon 9,30000,519000,17500,7607,311,13641.9,48.12,GTO,35786,22.9,9.003,2372,519000,29.3,10.6,13.9,93.0,HIGH RISK / HOLD ADVISORY,13:15,14:15,60,90.41,61.4,2,Hohmann Transfer,10.75,0.413,0.02,0.0242,1.38,1358.46
M0210,TejasSat-65,Synthetic,2026-11-19,08:04:00,Tanegashima Space Center,H-IIA,35000,254000,15000,4390,340,9397.6,34.42,GTO,35786,27.3,8.846,2052,254000,22.6,19.7,0.0,83.8,MODERATE RISK,07:15,08:15,60,106.0,45.1,4,Three-Stage Ascent,12.57,0.332,0.02,0.0315,1.5,784.26
M0211,VikramSat-17,Synthetic,2026-11-22,14:50:00,"Satish Dhawan Space Centre, Sriharikota",GSLV Mk II,42000,372000,2500,5200,335,920.3,3.44,GTO,35786,19.9,8.957,1921,372000,31.5,3.2,0.0,84.9,SAFE,14:15,15:45,90,51.94,29.8,2,Hohmann Transfer,9.08,0.393,0.02,0.0022,1.28,158.7
M0212,ShaktiSat-78,Synthetic,2026-11-24,14:43:00,Jiuquan Satellite Launch Center,Long March 5,82000,785000,25000,10565,340,23537.3,84.2,LEO,792,24.5,10.224,658,785000,17.9,3.8,0.0,68.4,MODERATE RISK,14:15,15:45,90,119.33,39.3,1,Gravity Turn,19.63,0.286,0.02,0.0264,1.21,2016.64
M0213,BrahmaSat-79,Synthetic,2026-11-25,08:53:00,Vandenberg Space Force Base,Falcon Heavy,64000,1357000,63800,22819,311,29182.3,106.52,LEO,451,7.0,9.969,598,1357000,33.4,21.1,0.0,71.6,MODERATE RISK,08:45,09:45,60,140.54,44.4,3,Gravity Turn,10.75,0.382,0.02,0.0201,1.6,2070.0
M0214,BharatEO-06,Synthetic,2026-11-26,19:09:00,Vostochny Cosmodrome,Soyuz,26000,286000,8200,4148,310,6422.3,17.56,GEO,35786,0.7,9.226,2486,286000,26.7,10.4,5.0,82.8,MODERATE RISK,17:45,19:15,90,62.75,47.6,3,Hohmann Transfer,6.83,0.384,0.02,0.0202,1.33,944.26
M0215,OceanWatch-75,Synthetic,2026-11-28,18:14:00,Xichang Satellite Launch Center,Long March 5,82000,785000,25000,10565,340,21739.7,75.32,Polar LEO,452,89.1,10.342,693,785000,35.3,13.2,0.0,46.9,MODERATE RISK,17:00,18:30,90,117.97,48.6,2,Gravity Turn,19.63,0.281,0.02,0.0245,1.21,1905.84
M0216,Solaris-54,Synthetic,2026-11-29,09:05:00,Tanegashima Space Center,H-IIA,35000,254000,15000,4390,340,12367.0,37.23,SSO,827,97.7,10.612,738,254000,32.6,4.0,1.9,61.3,MODERATE RISK,08:30,09:15,45,109.09,39.5,3,Gravity Turn,12.57,0.391,0.02,0.041,1.49,1203.03
M0217,SuryaSat-93,Synthetic,2026-12-01,07:23:00,Cape Canaveral,Vulcan Centaur,35000,510000,27200,4900,355,23087.3,82.07,Highly Elliptical Orbit,27962,46.8,9.32,1938,510000,30.2,17.3,5.5,55.6,MODERATE RISK,06:30,07:30,60,139.43,58.1,5,Hohmann Transfer,22.9,0.37,0.02,0.0406,0.88,1543.24
M0218,VarunaSat-29,Synthetic,2026-12-03,19:24:00,Baikonur Cosmodrome,Soyuz,26000,286000,8200,4148,310,6521.5,21.91,LEO,516,25.6,10.104,591,286000,29.1,17.4,0.0,46.1,MODERATE RISK,19:15,21:15,120,62.78,46.5,1,Gravity Turn,6.83,0.289,0.02,0.0205,1.33,1049.59
M0219,DrishtiSat-75,Synthetic,2026-12-06,10:05:00,Cape Canaveral,Atlas V,36000,554000,18850,3827,338,10425.0,30.02,GTO,35786,22.8,8.843,2194,554000,34.4,4.7,7.4,54.5,MODERATE RISK,09:45,10:15,30,128.1,43.0,2,Three-Stage Ascent,11.4,0.297,0.02,0.0174,0.65,719.66
M0220,GangaSat-15,Synthetic,2026-12-07,11:06:00,Jiuquan Satellite Launch Center,Long March 5,82000,785000,25000,10565,340,20984.6,77.02,MEO,9528,35.2,10.177,2095,785000,37.9,11.8,0.0,29.4,MODERATE RISK,11:00,12:00,60,117.15,49.6,5,Two-Stage Ascent,19.63,0.313,0.02,0.0236,1.21,1822.96
M0221,PawanSat-83,Synthetic,2026-12-09,16:06:00,Tanegashima Space Center,H3,37000,275000,16000,5880,345,11922.1,32.5,MEO,4855,25.8,10.468,1600,275000,20.8,11.3,17.9,45.4,MODERATE RISK,16:00,17:00,60,70.21,58.1,3,Two-Stage Ascent,21.24,0.321,0.02,0.0368,1.85,1777.53
M0222,NavIC-Test-90,Synthetic,2026-12-08,05:05:00,Kennedy Space Center,Electron,1050,11450,300,224,311,262.3,0.76,Highly Elliptical Orbit,34301,30.5,9.051,2115,11450,37.2,5.8,0.0,35.9,MODERATE RISK,05:00,05:30,30,11.88,47.4,3,Hohmann Transfer,1.13,0.287,0.02,0.0206,1.79,199.84
M0223,EarthVision-45,Synthetic,2026-12-12,18:36:00,Cape Canaveral,Falcon 9,30000,519000,17500,7607,311,13597.7,45.28,Highly Elliptical Orbit,24646,62.9,9.536,1956,519000,33.4,1.8,0.0,76.4,MODERATE RISK,18:15,19:15,60,88.44,38.9,1,Hohmann Transfer,10.75,0.378,0.02,0.0242,1.38,1466.17
M0224,NovaOrbit-30,Synthetic,2026-12-12,09:44:00,"Satish Dhawan Space Centre, Sriharikota",PSLV,28000,292000,1750,4800,305,1661.3,4.46,MEO,10520,51.6,10.04,2166,292000,16.2,17.2,0.0,35.4,MODERATE RISK,08:30,10:30,120,38.72,55.3,2,Three-Stage Ascent,6.16,0.339,0.02,0.0052,1.52,430.77
M0225,AgniSat-54,Synthetic,2026-12-14,17:29:00,Xichang Satellite Launch Center,Long March 5,82000,785000,25000,10565,340,10895.6,38.77,LEO,787,10.1,10.138,667,785000,26.9,9.2,16.1,75.2,MODERATE RISK,16:15,18:15,120,104.71,45.7,1,Gravity Turn,19.63,0.37,0.02,0.0124,1.23,1054.91
M0226,MeghdootSat-75,Synthetic,2026-12-13,16:36:00,"Satish Dhawan Space Centre, Sriharikota",GSLV Mk II,42000,372000,2500,5200,335,1918.2,6.83,SSO,758,97.4,10.987,739,372000,33.5,21.4,0.0,90.7,MODERATE RISK,16:00,18:00,120,55.38,56.2,4,Direct Ascent,9.08,0.318,0.02,0.0046,1.27,380.56
M0227,AeroNet-59,Synthetic,2026-12-17,10:11:00,"Satish Dhawan Space Centre, Sriharikota",GSLV Mk III / LVM3,86000,554000,4000,9800,340,2253.6,7.74,MEO,7611,41.4,10.204,1923,554000,34.0,18.0,8.2,64.7,MODERATE RISK,09:45,10:30,45,74.36,55.5,4,Three-Stage Ascent,12.57,0.312,0.02,0.0035,1.56,309.25
M0228,Zephyr-94,Synthetic,2026-12-19,14:11:00,Vandenberg Space Force Base,Falcon Heavy,64000,1357000,63800,22819,311,55219.0,172.2,Polar LEO,854,89.8,10.567,756,1357000,29.9,19.0,0.0,36.8,MODERATE RISK,13:45,14:30,45,172.3,50.4,3,Gravity Turn,10.75,0.332,0.02,0.0374,1.58,3386.53
M0229,ShaktiSat-46,Synthetic,2026-12-21,06:14:00,Cape Canaveral,Vulcan Centaur,35000,510000,27200,4900,355,11214.7,33.63,SSO,820,97.9,10.611,771,510000,28.8,20.1,0.0,55.4,MODERATE RISK,05:30,07:00,90,123.63,39.9,1,Gravity Turn,22.9,0.299,0.02,0.0202,0.9,962.54
M0230,Solaris-50,Synthetic,2026-12-19,18:31:00,Cape Canaveral,Vulcan Centaur,35000,510000,27200,4900,355,23147.5,65.35,Highly Elliptical Orbit,34521,47.8,9.123,2236,510000,32.2,11.7,0.0,29.2,MODERATE RISK,17:45,19:15,90,138.72,48.9,3,Hohmann Transfer,22.9,0.402,0.02,0.0407,0.88,1522.31
M0231,Vanguard-35,Synthetic,2026-12-21,20:25:00,Kennedy Space Center,Falcon Heavy,64000,1357000,63800,22819,311,46257.1,125.07,SSO,806,98.2,10.608,761,1357000,18.3,10.9,8.7,41.7,MODERATE RISK,19:45,21:45,120,161.35,48.1,3,Gravity Turn,10.75,0.416,0.02,0.0315,1.59,3041.19
M0232,MeghdootSat-71,Synthetic,2026-12-24,12:59:00,Guiana Space Centre,Ariane 6,55000,530000,21600,15000,350,17022.2,51.83,LEO,1306,18.2,10.252,742,530000,26.1,15.9,17.0,51.9,HIGH RISK / HOLD ADVISORY,12:45,13:15,30,142.4,60.2,3,Gravity Turn,22.9,0.399,0.02,0.0283,2.54,1225.5
M0233,AuraScan-84,Synthetic,2026-12-27,08:29:00,Guiana Space Centre,Ariane 5,60000,717000,21000,13000,345,16444.2,60.19,SSO,756,97.4,10.588,726,717000,33.5,19.9,0.0,52.5,MODERATE RISK,07:15,08:45,90,166.59,51.1,2,Gravity Turn,22.9,0.361,0.02,0.0207,1.67,1045.15
M0234,IndusSat-57,Synthetic,2026-12-28,13:50:00,"Satish Dhawan Space Centre, Sriharikota",PSLV,28000,292000,1750,4800,305,1507.4,4.7,GEO,35786,4.9,8.939,2797,292000,21.9,7.1,15.9,86.1,MODERATE RISK,13:45,14:15,30,38.74,57.8,1,Hohmann Transfer,6.16,0.395,0.02,0.0047,1.52,347.82
M0235,IndusSat-46,Synthetic,2026-12-30,22:11:00,Jiuquan Satellite Launch Center,Long March 3B,45000,415000,11200,5923,320,7903.9,29.55,Highly Elliptical Orbit,36386,21.5,8.86,2196,415000,30.8,17.4,0.0,65.8,MODERATE RISK,21:15,22:45,90,75.04,48.3,2,Three-Stage Ascent,8.81,0.292,0.02,0.0169,1.29,933.22
M0236,SuryaSat-53,Synthetic,2026-12-29,15:08:00,Tanegashima Space Center,H3,37000,275000,16000,5880,345,11482.0,34.71,Highly Elliptical Orbit,28492,57.4,9.206,2077,275000,34.8,6.6,0.0,77.5,MODERATE RISK,15:00,15:45,45,68.27,41.5,1,Three-Stage Ascent,21.24,0.303,0.02,0.0355,1.85,1548.31
M0237,Zephyr-15,Synthetic,2026-12-30,07:59:00,Xichang Satellite Launch Center,Long March 3B,45000,415000,11200,5923,320,9717.2,31.36,LEO,1325,52.9,10.448,762,415000,37.0,14.3,13.0,76.1,HIGH RISK / HOLD ADVISORY,07:45,08:30,45,78.52,63.6,2,Gravity Turn,8.81,0.289,0.02,0.0207,1.29,1292.99
M0238,Zephyr-50,Synthetic,2027-01-01,12:03:00,Jiuquan Satellite Launch Center,Long March 3B,45000,415000,11200,5923,320,9677.6,34.64,Highly Elliptical Orbit,37162,19.7,8.836,1991,415000,14.4,7.5,0.0,89.5,MODERATE RISK,11:45,12:30,45,77.08,47.2,3,Three-Stage Ascent,8.81,0.318,0.02,0.0206,1.29,1109.38
M0239,SuryaSat-76,Synthetic,2027-01-05,06:23:00,"Satish Dhawan Space Centre, Sriharikota",GSLV Mk II,42000,372000,2500,5200,335,1156.1,3.18,GEO,35786,3.6,8.8,2668,372000,32.5,7.7,0.0,34.0,MODERATE RISK,06:15,07:00,45,52.68,35.2,2,Three-Stage Ascent,9.08,0.304,0.02,0.0028,1.28,193.12
M0240,IndusSat-43,Synthetic,2027-01-06,16:43:00,Baikonur Cosmodrome,Soyuz,26000,286000,8200,4148,310,6350.7,21.77,SSO,686,98.2,10.541,745,286000,28.2,17.3,0.0,85.9,MODERATE RISK,15:15,17:15,120,62.51,45.7,4,Gravity Turn,6.83,0.396,0.02,0.0199,1.33,1070.91
M0241,PawanSat-12,Synthetic,2027-01-05,10:52:00,Kennedy Space Center,Electron,1050,11450,300,224,311,163.8,0.52,MEO,13211,25.5,9.837,2420,11450,34.7,21.0,0.0,36.3,MODERATE RISK,10:30,11:15,45,11.86,48.5,2,Two-Stage Ascent,1.13,0.359,0.02,0.0129,1.8,135.86
M0242,TerraPulse-67,Synthetic,2027-01-08,08:53:00,Guiana Space Centre,Ariane 5,60000,717000,21000,13000,345,8285.7,29.26,SSO,593,98.2,10.51,725,717000,28.7,14.5,0.0,52.7,MODERATE RISK,08:45,09:15,30,155.38,34.5,2,Gravity Turn,22.9,0.37,0.02,0.0106,1.69,560.45
M0243,Chanakya-49,Synthetic,2027-01-10,22:01:00,Guiana Space Centre,Ariane 5,60000,717000,21000,13000,345,9476.6,26.36,SSO,828,97.4,11.018,751,717000,23.1,18.9,0.0,78.9,MODERATE RISK,20:15,22:15,120,157.21,39.2,2,Direct Ascent,22.9,0.325,0.02,0.012,1.69,664.16
M0244,Vanguard-20,Synthetic,2027-01-11,16:22:00,Jiuquan Satellite Launch Center,Long March 3B,45000,415000,11200,5923,320,4653.0,15.29,MEO,11968,26.7,9.905,2273,415000,34.0,12.9,0.0,79.1,MODERATE RISK,15:45,17:45,120,70.41,39.7,4,Three-Stage Ascent,8.81,0.305,0.02,0.01,1.3,654.57
M0245,DrishtiSat-84,Synthetic,2027-01-13,17:56:00,"Satish Dhawan Space Centre, Sriharikota",PSLV,28000,292000,1750,4800,305,1501.2,4.65,MEO,15565,51.0,9.709,2609,292000,24.6,13.7,0.0,63.5,MODERATE RISK,17:15,19:15,120,37.67,45.3,4,Three-Stage Ascent,6.16,0.325,0.02,0.0047,1.52,386.92
M0246,VikramSat-09,Synthetic,2027-01-12,09:05:00,Kennedy Space Center,Electron,1050,11450,300,224,311,126.3,0.45,GEO,35786,0.7,9.038,2662,11450,16.2,17.4,0.0,84.3,MODERATE RISK,08:45,09:30,45,11.39,43.5,1,Hohmann Transfer,1.13,0.395,0.02,0.01,1.81,100.22
M0247,EarthVision-97,Synthetic,2027-01-14,08:35:00,Cape Canaveral,Falcon 9,30000,519000,17500,7607,311,10753.2,31.97,LEO,841,41.4,10.257,636,519000,31.2,16.1,0.0,90.7,MODERATE RISK,08:15,08:45,30,85.49,44.4,2,Gravity Turn,10.75,0.369,0.02,0.0192,1.39,1290.16
M0248,NavIC-Test-25,Synthetic,2027-01-16,18:09:00,Tanegashima Space Center,H3,37000,275000,16000,5880,345,11900.0,40.5,Highly Elliptical Orbit,25162,50.3,9.446,2077,275000,27.4,14.2,0.0,43.8,MODERATE RISK,16:15,18:15,120,69.1,45.4,2,Hohmann Transfer,21.24,0.3,0.02,0.0367,1.85,1626.73
M0249,OceanWatch-27,Synthetic,2027-01-18,21:02:00,"Satish Dhawan Space Centre, Sriharikota",GSLV Mk II,42000,372000,2500,5200,335,1735.1,4.77,LEO,600,54.3,10.185,644,372000,19.0,21.3,0.0,54.8,MODERATE RISK,20:30,21:15,45,54.4,47.3,1,Gravity Turn,9.08,0.381,0.02,0.0042,1.28,324.85
M0250,ClimateSat-86,Synthetic,2027-01-21,21:09:00,Cape Canaveral,Vulcan Centaur,35000,510000,27200,4900,355,20364.6,66.33,Highly Elliptical Orbit,37891,59.2,8.939,2357,510000,37.2,4.2,0.0,26.3,MODERATE RISK,19:45,21:45,120,134.76,41.6,3,Three-Stage Ascent,22.9,0.335,0.02,0.036,0.88,1350.84
M0251,VarunaSat-39,Synthetic,2027-01-22,19:56:00,Kennedy Space Center,Electron,1050,11450,300,224,311,134.9,0.45,Polar LEO,682,90.7,10.898,744,11450,19.5,19.3,0.0,75.6,MODERATE RISK,19:45,20:15,30,11.25,41.7,4,Direct Ascent,1.13,0.387,0.02,0.0107,1.81,130.68
M0252,AgniSat-76,Synthetic,2027-01-22,13:10:00,Kennedy Space Center,Electron,1050,11450,300,224,311,225.9,0.71,Polar LEO,806,88.1,10.936,734,11450,35.2,16.4,3.5,54.7,MODERATE RISK,13:00,14:00,60,12.38,53.7,4,Direct Ascent,1.13,0.294,0.02,0.0178,1.79,199.55
M0253,PrithviWatch-91,Synthetic,2027-01-26,11:09:00,Cape Canaveral,Vulcan Centaur,35000,510000,27200,4900,355,9660.2,33.04,MEO,18209,43.0,9.621,2886,510000,32.7,12.7,0.0,46.3,MODERATE RISK,11:00,11:30,30,121.45,36.1,2,Two-Stage Ascent,22.9,0.289,0.02,0.0174,0.9,765.26
M0254,BrahmaSat-17,Synthetic,2027-01-27,09:21:00,Tanegashima Space Center,H3,37000,275000,16000,5880,345,6423.6,20.22,SSO,657,97.4,10.532,733,275000,28.1,19.5,0.7,54.0,MODERATE RISK,09:00,10:00,60,62.02,39.4,2,Gravity Turn,21.24,0.361,0.02,0.0202,1.88,1090.83
M0255,KavachSat-76,Synthetic,2027-01-29,20:34:00,Kennedy Space Center,Falcon Heavy,64000,1357000,63800,22819,311,47093.6,161.69,Polar LEO,872,90.7,10.58,769,1357000,36.6,16.0,0.0,64.8,MODERATE RISK,19:00,21:00,120,162.37,48.3,5,Gravity Turn,10.75,0.392,0.02,0.0321,1.58,3068.61
M0256,NovaOrbit-91,Synthetic,2027-01-30,10:22:00,"Satish Dhawan Space Centre, Sriharikota",GSLV Mk II,42000,372000,2500,5200,335,2421.9,7.5,LEO,662,11.9,10.041,643,372000,16.0,9.4,9.1,80.6,MODERATE RISK,09:45,11:15,90,55.9,55.2,2,Gravity Turn,9.08,0.34,0.02,0.0058,1.27,435.03
M0257,AgroVision-40,Synthetic,2027-01-29,14:18:00,Xichang Satellite Launch Center,Long March 5,82000,785000,25000,10565,340,13702.4,40.22,SSO,738,98.2,10.578,717,785000,27.8,6.5,0.0,66.1,MODERATE RISK,14:00,15:30,90,106.75,30.1,3,Gravity Turn,19.63,0.317,0.02,0.0156,1.22,1357.79
M0258,VikramSat-43,Synthetic,2027-02-01,13:36:00,"Satish Dhawan Space Centre, Sriharikota",PSLV,28000,292000,1750,4800,305,1217.2,4.55,MEO,6636,42.4,10.288,1805,292000,32.3,14.7,0.0,93.8,MODERATE RISK,13:30,14:00,30,37.73,50.0,2,Three-Stage Ascent,6.16,0.381,0.02,0.0038,1.52,331.9
M0259,Vanguard-30,Synthetic,2027-02-04,09:29:00,Tanegashima Space Center,H3,37000,275000,16000,5880,345,10334.6,32.85,GTO,35786,26.9,9.005,2340,275000,28.0,22.3,0.0,94.5,MODERATE RISK,09:15,10:00,45,67.97,54.2,3,Hohmann Transfer,21.24,0.368,0.02,0.0321,1.86,1369.18
M0260,IndusSat-50,Synthetic,2027-02-03,13:52:00,Tanegashima Space Center,H-IIA,35000,254000,15000,4390,340,14529.2,54.0,Polar LEO,882,88.5,10.568,749,254000,29.0,2.0,0.0,91.4,MODERATE RISK,13:45,15:15,90,111.76,40.4,3,Gravity Turn,12.57,0.338,0.02,0.0479,1.47,1373.88
M0261,VikramSat-80,Synthetic,2027-02-05,20:03:00,"Satish Dhawan Space Centre, Sriharikota",GSLV Mk II,42000,372000,2500,5200,335,1330.8,3.99,Polar LEO,828,90.8,10.964,743,372000,19.2,1.3,1.3,57.6,SAFE,18:30,20:30,120,52.37,29.1,2,Direct Ascent,9.08,0.35,0.02,0.0032,1.28,278.61
M0262,PrithviWatch-92,Synthetic,2027-02-07,09:05:00,"Satish Dhawan Space Centre, Sriharikota",PSLV,28000,292000,1750,4800,305,1163.4,3.32,LEO,294,31.4,9.815,588,292000,25.8,8.6,0.0,68.8,MODERATE RISK,09:00,10:00,60,36.27,33.5,4,Gravity Turn,6.16,0.366,0.02,0.0036,1.52,314.83
M0263,NovaOrbit-34,Synthetic,2027-02-07,20:01:00,Tanegashima Space Center,H-IIA,35000,254000,15000,4390,340,5299.6,17.07,MEO,7985,45.8,10.304,1902,254000,17.5,3.8,9.2,87.3,MODERATE RISK,19:45,21:45,120,100.4,37.1,4,Two-Stage Ascent,12.57,0.335,0.02,0.018,1.52,543.9
M0264,AgroVision-30,Synthetic,2027-02-10,23:04:00,Jiuquan Satellite Launch Center,Long March 3B,45000,415000,11200,5923,320,10530.8,29.01,GTO,35786,21.0,8.935,2349,415000,14.4,6.5,0.0,70.7,MODERATE RISK,21:15,23:15,120,78.06,46.7,5,Three-Stage Ascent,8.81,0.394,0.02,0.0224,1.28,1205.39
M0265,DrishtiSat-03,Synthetic,2027-02-13,19:01:00,Vandenberg Space Force Base,Falcon Heavy,64000,1357000,63800,22819,311,25235.2,89.97,MEO,3568,54.6,10.687,1515,1357000,33.1,21.7,2.4,41.1,MODERATE RISK,18:30,20:00,90,136.06,47.4,3,Two-Stage Ascent,10.75,0.33,0.02,0.0174,1.61,1982.13
M0266,BharatEO-03,Synthetic,2027-02-11,12:14:00,Kennedy Space Center,Electron,1050,11450,300,224,311,190.2,0.69,GEO,35786,4.6,8.868,2906,11450,26.5,4.5,0.0,28.5,MODERATE RISK,12:00,13:00,60,10.54,32.6,2,Three-Stage Ascent,1.13,0.301,0.02,0.015,1.8,160.03
M0267,AgniSat-08,Synthetic,2027-02-13,14:06:00,"Satish Dhawan Space Centre, Sriharikota",GSLV Mk III / LVM3,86000,554000,4000,9800,340,2585.9,7.61,GEO,35786,2.0,8.947,2980,554000,32.1,6.5,0.0,52.5,MODERATE RISK,14:00,14:45,45,73.36,39.0,4,Hohmann Transfer,12.57,0.404,0.02,0.004,1.56,315.38
M0268,AuraScan-50,Synthetic,2027-02-15,21:38:00,Guiana Space Centre,Ariane 5,60000,717000,21000,13000,345,17572.2,62.96,GEO,35786,1.3,8.9,2981,717000,29.1,17.5,9.6,27.8,HIGH RISK / HOLD ADVISORY,20:30,22:30,120,168.82,61.4,2,Hohmann Transfer,22.9,0.311,0.02,0.0221,1.67,926.39
M0269,GeoCom-55,Synthetic,2027-02-16,18:30:00,Tanegashima Space Center,H3,37000,275000,16000,5880,345,6243.3,19.96,Highly Elliptical Orbit,29156,29.3,9.21,2396,275000,33.1,18.5,0.0,90.0,MODERATE RISK,18:00,19:00,60,62.42,46.6,5,Hohmann Transfer,21.24,0.29,0.02,0.0196,1.88,921.19
M0270,BharatEO-43,Synthetic,2027-02-20,05:11:00,Vostochny Cosmodrome,Soyuz,26000,286000,8200,4148,310,2991.3,8.85,GTO,35786,21.0,9.187,1972,286000,18.1,20.2,3.8,30.6,MODERATE RISK,04:45,05:45,60,58.63,47.5,3,Hohmann Transfer,6.83,0.332,0.02,0.0095,1.34,468.72
M0271,AgniSat-49,Synthetic,2027-02-20,12:53:00,Vandenberg Space Force Base,Falcon 9,30000,519000,17500,7607,311,14958.2,54.04,SSO,723,97.2,10.561,755,519000,36.0,13.2,6.7,62.5,MODERATE RISK,12:30,14:00,90,91.47,55.3,2,Gravity Turn,10.75,0.375,0.02,0.0265,1.38,1727.05
M0272,PawanSat-21,Synthetic,2027-02-22,07:13:00,"Satish Dhawan Space Centre, Sriharikota",GSLV Mk III / LVM3,86000,554000,4000,9800,340,3511.9,11.04,Highly Elliptical Orbit,23638,35.3,9.393,2108,554000,16.9,17.9,0.0,25.6,MODERATE RISK,07:00,08:30,90,75.79,54.5,2,Hohmann Transfer,12.57,0.352,0.02,0.0055,1.55,435.25
M0273,ClimateSat-23,Synthetic,2027-02-25,06:38:00,Cape Canaveral,Vulcan Centaur,35000,510000,27200,4900,355,25249.7,89.81,SSO,746,97.9,10.98,746,510000,16.3,2.6,15.4,25.3,MODERATE RISK,06:30,07:15,45,141.86,56.2,1,Direct Ascent,22.9,0.337,0.02,0.0443,0.88,1954.33
M0274,AeroNet-18,Synthetic,2027-02-26,11:14:00,Kennedy Space Center,Electron,1050,11450,300,224,311,130.3,0.41,Highly Elliptical Orbit,30730,62.2,9.158,2298,11450,14.6,13.3,16.5,81.4,MODERATE RISK,11:00,11:30,30,12.51,56.6,2,Three-Stage Ascent,1.13,0.337,0.02,0.0103,1.81,95.39
M0275,BrahmaSat-95,Synthetic,2027-02-26,14:30:00,Xichang Satellite Launch Center,Long March 5,82000,785000,25000,10565,340,14214.0,43.5,Highly Elliptical Orbit,27156,29.5,9.112,2067,785000,33.0,19.7,6.5,46.2,MODERATE RISK,13:30,15:00,90,109.46,54.8,4,Three-Stage Ascent,19.63,0.338,0.02,0.0161,1.22,1183.24
M0276,GeoCom-89,Synthetic,2027-02-28,22:50:00,Guiana Space Centre,Ariane 5,60000,717000,21000,13000,345,12620.5,40.03,MEO,19166,26.9,9.459,2966,717000,21.8,6.9,0.0,51.9,MODERATE RISK,21:30,23:30,120,160.39,32.2,3,Two-Stage Ascent,22.9,0.397,0.02,0.016,1.68,744.29
M0277,ClimateSat-02,Synthetic,2027-03-02,12:44:00,Vandenberg Space Force Base,Falcon 9,30000,519000,17500,7607,311,13375.2,45.08,GTO,35786,27.7,9.046,1966,519000,15.7,12.7,0.0,53.4,MODERATE RISK,11:30,13:00,90,88.9,47.5,1,Hohmann Transfer,10.75,0.405,0.02,0.0238,1.38,1360.99
M0278,PawanSat-10,Synthetic,2027-03-03,10:35:00,Vandenberg Space Force Base,Falcon 9,30000,519000,17500,7607,311,13194.4,47.55,LEO,513,63.6,10.224,600,519000,34.9,1.9,3.1,63.2,MODERATE RISK,10:15,10:45,30,87.91,38.4,4,Gravity Turn,10.75,0.289,0.02,0.0235,1.38,1534.52
M0279,BharatEO-99,Synthetic,2027-03-03,12:20:00,Guiana Space Centre,Ariane 6,55000,530000,21600,15000,350,15304.6,47.43,SSO,693,98.1,10.564,712,530000,24.8,20.9,0.0,71.3,MODERATE RISK,12:15,13:15,60,139.03,44.8,5,Gravity Turn,22.9,0.396,0.02,0.0255,2.55,1162.9
M0280,CosmoLink-16,Synthetic,2027-03-05,14:49:00,"Satish Dhawan Space Centre, Sriharikota",GSLV Mk III / LVM3,86000,554000,4000,9800,340,3366.7,11.13,LEO,1595,42.5,10.403,804,554000,30.8,19.3,4.8,56.7,MODERATE RISK,14:30,16:00,90,75.68,55.3,3,Gravity Turn,12.57,0.331,0.02,0.0052,1.55,462.79
M0281,Vanguard-51,Synthetic,2027-03-07,11:34:00,Cape Canaveral,Vulcan Centaur,35000,510000,27200,4900,355,16494.5,48.64,LEO,1767,7.1,10.349,811,510000,24.6,4.0,11.9,83.4,MODERATE RISK,09:45,11:45,120,129.91,39.2,3,Gravity Turn,22.9,0.367,0.02,0.0294,0.89,1314.0
M0282,NovaOrbit-66,Synthetic,2027-03-08,07:39:00,Baikonur Cosmodrome,Soyuz,26000,286000,8200,4148,310,4553.7,14.35,Polar LEO,586,91.5,10.449,711,286000,35.8,1.7,0.0,69.4,MODERATE RISK,07:15,07:45,30,59.08,30.8,5,Gravity Turn,6.83,0.358,0.02,0.0144,1.34,805.38
M0283,EarthVision-95,Synthetic,2027-03-11,20:23:00,Kennedy Space Center,Electron,1050,11450,300,224,311,180.2,0.67,GEO,35786,3.9,9.03,2985,11450,29.2,4.1,4.9,45.6,MODERATE RISK,20:15,21:00,45,11.06,38.9,3,Hohmann Transfer,1.13,0.305,0.02,0.0142,1.8,147.13
M0284,EarthVision-48,Synthetic,2027-03-12,06:33:00,Cape Canaveral,Atlas V,36000,554000,18850,3827,338,16081.7,45.64,Polar LEO,921,91.0,10.6,788,554000,31.6,15.6,0.0,29.2,MODERATE RISK,06:00,07:30,90,135.32,48.0,2,Gravity Turn,11.4,0.382,0.02,0.0265,0.64,1259.73
M0285,AuraScan-72,Synthetic,2027-03-12,22:01:00,Cape Canaveral,Falcon Heavy,64000,1357000,63800,22819,311,56052.2,189.78,GEO,35786,1.3,9.037,2728,1357000,29.4,22.3,0.0,88.3,MODERATE RISK,21:00,22:30,90,174.0,58.7,5,Hohmann Transfer,10.75,0.292,0.02,0.0379,1.58,2911.17
M0286,Chanakya-76,Synthetic,2027-03-16,07:47:00,Cape Canaveral,Falcon 9,30000,519000,17500,7607,311,16563.9,61.43,Polar LEO,519,89.8,10.796,716,519000,28.8,20.2,10.0,53.7,HIGH RISK / HOLD ADVISORY,06:45,08:15,90,94.23,65.1,4,Direct Ascent,10.75,0.414,0.02,0.0293,1.37,1897.74
M0287,GeoCom-21,Synthetic,2027-03-17,08:45:00,Tanegashima Space Center,H-IIA,35000,254000,15000,4390,340,14194.1,46.86,GEO,35786,1.6,9.049,2427,254000,16.6,19.4,0.0,80.7,MODERATE RISK,08:15,09:00,45,112.84,57.9,3,Hohmann Transfer,12.57,0.361,0.02,0.0468,1.48,1138.27
M0288,VikramSat-26,Synthetic,2027-03-18,15:39:00,Vostochny Cosmodrome,Soyuz,26000,286000,8200,4148,310,5989.9,19.72,MEO,2916,31.2,10.616,1502,286000,19.5,14.2,0.0,77.9,MODERATE RISK,14:15,16:15,120,61.99,44.7,5,Three-Stage Ascent,6.83,0.333,0.02,0.0188,1.33,1025.79
M0289,NovaOrbit-28,Synthetic,2027-03-19,18:02:00,Vostochny Cosmodrome,Soyuz,26000,286000,8200,4148,310,7687.2,27.26,GEO,35786,1.4,9.064,2588,286000,19.4,14.3,0.0,93.3,MODERATE RISK,17:30,18:15,45,64.8,53.8,2,Three-Stage Ascent,6.83,0.332,0.02,0.024,1.32,1075.26
M0290,VarunaSat-46,Synthetic,2027-03-22,14:38:00,Jiuquan Satellite Launch Center,Long March 3B,45000,415000,11200,5923,320,9757.2,32.21,MEO,9062,31.7,10.13,1999,415000,25.7,16.9,0.0,76.5,MODERATE RISK,14:30,16:30,120,77.33,49.1,1,Three-Stage Ascent,8.81,0.311,0.02,0.0208,1.29,1278.16
M0291,BrahmaSat-10,Synthetic,2027-03-22,12:51:00,Vandenberg Space Force Base,Falcon Heavy,64000,1357000,63800,22819,311,38847.5,117.65,SSO,614,98.6,10.914,695,1357000,37.3,19.6,0.0,71.8,MODERATE RISK,12:15,13:00,45,152.68,50.7,4,Direct Ascent,10.75,0.319,0.02,0.0266,1.59,2776.93
M0292,AgroVision-19,Synthetic,2027-03-24,05:13:00,Guiana Space Centre,Ariane 5,60000,717000,21000,13000,345,11322.7,30.45,Highly Elliptical Orbit,22779,48.5,9.491,2292,717000,35.4,17.7,0.0,84.3,MODERATE RISK,05:00,05:30,30,160.2,48.3,3,Hohmann Transfer,22.9,0.413,0.02,0.0144,1.68,670.81
M0293,ShaktiSat-01,Synthetic,2027-03-24,10:24:00,Guiana Space Centre,Ariane 6,55000,530000,21600,15000,350,9938.5,34.95,LEO,1472,40.3,10.367,746,530000,23.7,12.9,17.0,43.1,MODERATE RISK,10:15,11:00,45,132.93,48.8,2,Gravity Turn,22.9,0.388,0.02,0.0167,2.57,775.09
M0294,Vanguard-15,Synthetic,2027-03-27,18:51:00,Tanegashima Space Center,H3,37000,275000,16000,5880,345,8537.2,23.03,GTO,35786,23.5,8.856,2108,275000,23.0,16.3,0.0,77.2,MODERATE RISK,18:30,19:15,45,64.58,39.7,4,Three-Stage Ascent,21.24,0.341,0.02,0.0266,1.87,1170.73
M0295,Zephyr-06,Synthetic,2027-03-29,19:44:00,Cape Canaveral,Vulcan Centaur,35000,510000,27200,4900,355,23042.8,75.4,GTO,35786,19.3,8.845,1956,510000,35.5,6.8,0.0,69.6,MODERATE RISK,19:00,20:30,90,138.3,45.5,2,Three-Stage Ascent,22.9,0.394,0.02,0.0406,0.88,1473.71
M0296,ShaktiSat-54,Synthetic,2027-03-28,15:31:00,Jiuquan Satellite Launch Center,Long March 5,82000,785000,25000,10565,340,14568.3,45.46,LEO,1467,6.8,10.37,766,785000,27.8,22.0,0.0,32.5,MODERATE RISK,15:15,16:00,45,109.01,44.5,2,Gravity Turn,19.63,0.39,0.02,0.0165,1.22,1385.87
M0297,Zephyr-57,Synthetic,2027-04-01,19:44:00,Tanegashima Space Center,H-IIA,35000,254000,15000,4390,340,6003.1,22.04,GEO,35786,0.5,8.892,2499,254000,34.1,18.1,0.0,50.6,MODERATE RISK,19:00,20:30,90,101.83,44.0,3,Three-Stage Ascent,12.57,0.382,0.02,0.0203,1.52,524.2
M0298,TerraPulse-29,Synthetic,2027-04-03,05:34:00,"Satish Dhawan Space Centre, Sriharikota",PSLV,28000,292000,1750,4800,305,1147.2,3.68,SSO,538,97.8,10.872,720,292000,26.6,5.5,0.0,40.9,MODERATE RISK,04:45,06:15,90,36.2,33.0,5,Direct Ascent,6.16,0.28,0.02,0.0036,1.52,344.54
M0299,NavIC-Test-75,Synthetic,2027-04-04,05:40:00,Tanegashima Space Center,H3,37000,275000,16000,5880,345,12745.6,45.86,GEO,35786,2.5,8.886,2743,275000,20.2,1.9,0.0,33.5,MODERATE RISK,04:15,06:15,120,69.25,35.2,3,Three-Stage Ascent,21.24,0.372,0.02,0.0392,1.85,1635.49
M0300,CosmoLink-81,Synthetic,2027-04-05,22:14:00,Kennedy Space Center,Electron,1050,11450,300,224,311,108.3,0.36,Polar LEO,844,90.5,10.568,765,11450,20.6,21.6,0.0,86.0,MODERATE RISK,21:30,23:30,120,11.05,39.8,1,Gravity Turn,1.13,0.385,0.02,0.0086,1.81,103.58
M0301,AgniSat-96,Synthetic,2027-04-08,12:22:00,Kennedy Space Center,Falcon Heavy,64000,1357000,63800,22819,311,55378.3,171.97,SSO,749,98.8,10.587,724,1357000,14.2,1.5,0.0,62.4,MODERATE RISK,12:00,12:45,45,171.38,37.4,5,Gravity Turn,10.75,0.364,0.02,0.0375,1.58,3420.99
M0302,TerraPulse-97,Synthetic,2027-04-09,06:00:00,Kennedy Space Center,Electron,1050,11450,300,224,311,165.1,0.62,GTO,35786,24.2,8.83,1996,11450,23.8,19.2,0.0,86.4,MODERATE RISK,05:45,06:45,60,11.37,42.7,1,Three-Stage Ascent,1.13,0.338,0.02,0.013,1.8,128.22
M0303,PrithviWatch-06,Synthetic,2027-04-11,14:49:00,Kennedy Space Center,Falcon 9,30000,519000,17500,7607,311,17125.4,63.93,Highly Elliptical Orbit,28117,39.2,9.278,2178,519000,22.0,12.9,0.0,80.2,MODERATE RISK,14:15,15:15,60,93.61,49.9,3,Hohmann Transfer,10.75,0.414,0.02,0.0303,1.37,1697.36
M0304,EarthVision-20,Synthetic,2027-04-10,11:53:00,Tanegashima Space Center,H3,37000,275000,16000,5880,345,7656.8,25.7,LEO,336,12.6,9.854,565,275000,32.4,1.8,0.0,58.2,SAFE,11:15,12:15,60,62.47,27.3,3,Gravity Turn,21.24,0.336,0.02,0.024,1.88,1207.78
M0305,AeroNet-97,Synthetic,2027-04-12,07:31:00,Guiana Space Centre,Ariane 5,60000,717000,21000,13000,345,13839.0,36.9,LEO,767,58.3,10.289,646,717000,30.8,10.4,6.0,67.9,MODERATE RISK,07:15,08:15,60,162.85,43.9,4,Gravity Turn,22.9,0.377,0.02,0.0175,1.68,874.36
M0306,GangaSat-16,Synthetic,2027-04-15,07:26:00,Guiana Space Centre,Ariane 5,60000,717000,21000,13000,345,13240.3,35.79,LEO,1547,8.9,10.273,773,717000,14.3,8.5,4.3,46.1,MODERATE RISK,07:15,07:45,30,161.93,41.6,2,Gravity Turn,22.9,0.319,0.02,0.0168,1.68,839.98
M0307,ShaktiSat-32,Synthetic,2027-04-17,10:48:00,Tanegashima Space Center,H3,37000,275000,16000,5880,345,12018.9,42.18,SSO,673,97.8,10.543,711,275000,27.0,1.2,13.0,28.9,MODERATE RISK,10:30,12:30,120,69.03,42.9,1,Gravity Turn,21.24,0.324,0.02,0.0371,1.85,1835.65
M0308,SuryaSat-90,Synthetic,2027-04-15,07:00:00,Cape Canaveral,Vulcan Centaur,35000,510000,27200,4900,355,16516.3,59.48,GEO,35786,1.2,9.037,2844,510000,27.9,21.1,0.0,92.6,MODERATE RISK,06:45,07:15,30,130.97,51.4,1,Hohmann Transfer,22.9,0.302,0.02,0.0294,0.89,1139.63
M0309,AuraScan-62,Synthetic,2027-04-19,21:39:00,Kennedy Space Center,Falcon Heavy,64000,1357000,63800,22819,311,35412.6,116.5,SSO,543,98.6,10.875,684,1357000,25.1,22.2,0.0,32.9,MODERATE RISK,21:30,22:00,30,148.03,44.5,3,Direct Ascent,10.75,0.377,0.02,0.0243,1.6,2601.58
M0310,TejasSat-94,Synthetic,2027-04-18,13:14:00,Guiana Space Centre,Ariane 5,60000,717000,21000,13000,345,15615.4,51.12,GEO,35786,1.6,8.8,2448,717000,24.6,21.8,0.0,55.7,MODERATE RISK,13:00,13:45,45,165.45,49.4,4,Three-Stage Ascent,22.9,0.329,0.02,0.0197,1.67,830.56
M0311,NavIC-Test-46,Synthetic,2027-04-20,13:40:00,"Satish Dhawan Space Centre, Sriharikota",GSLV Mk III / LVM3,86000,554000,4000,9800,340,2579.9,9.02,Polar LEO,851,89.8,10.566,778,554000,33.9,18.0,0.0,67.0,MODERATE RISK,13:30,14:00,30,73.95,46.1,3,Gravity Turn,12.57,0.281,0.02,0.004,1.56,368.62
M0312,TerraPulse-67,Synthetic,2027-04-23,21:28:00,Vostochny Cosmodrome,Soyuz,26000,286000,8200,4148,310,4145.2,14.82,MEO,11553,44.5,10.042,2208,286000,22.3,7.1,0.0,29.3,MODERATE RISK,21:15,22:15,60,58.65,31.5,3,Three-Stage Ascent,6.83,0.301,0.02,0.0131,1.34,709.74
M0313,NavIC-Test-17,Synthetic,2027-04-23,05:30:00,Guiana Space Centre,Ariane 5,60000,717000,21000,13000,345,15719.0,47.23,GTO,35786,20.5,8.816,1968,717000,18.4,2.1,0.0,55.3,MODERATE RISK,04:45,06:15,90,164.36,35.2,2,Three-Stage Ascent,22.9,0.338,0.02,0.0198,1.67,843.14
M0314,CosmoLink-64,Synthetic,2027-04-26,19:26:00,Jiuquan Satellite Launch Center,Long March 5,82000,785000,25000,10565,340,17425.9,60.21,Polar LEO,897,89.3,10.58,773,785000,26.5,4.7,0.0,89.1,MODERATE RISK,18:45,20:45,120,111.46,32.9,2,Gravity Turn,19.63,0.303,0.02,0.0197,1.22,1654.1
M0315,AeroNet-71,Synthetic,2027-04-27,12:01:00,Tanegashima Space Center,H-IIA,35000,254000,15000,4390,340,12954.3,35.76,Polar LEO,562,90.5,10.429,693,254000,31.4,8.2,0.0,80.1,MODERATE RISK,11:30,12:15,45,109.98,41.7,2,Gravity Turn,12.57,0.414,0.02,0.0429,1.48,1228.41
M0316,VarunaSat-34,Synthetic,2027-04-30,18:06:00,"Satish Dhawan Space Centre, Sriharikota",PSLV,28000,292000,1750,4800,305,1018.9,3.43,Highly Elliptical Orbit,38698,51.1,9.005,2091,292000,27.4,13.9,0.0,26.7,MODERATE RISK,17:30,19:00,90,36.75,41.2,2,Hohmann Transfer,6.16,0.397,0.02,0.0032,1.52,249.67
M0317,GangaSat-57,Synthetic,2027-05-01,06:29:00,Cape Canaveral,Atlas V,36000,554000,18850,3827,338,16141.5,55.15,SSO,669,98.5,10.547,719,554000,32.7,12.4,13.5,35.7,MODERATE RISK,06:00,06:45,45,136.37,59.5,1,Gravity Turn,11.4,0.419,0.02,0.0266,0.64,1248.4
M0318,VarunaSat-43,Synthetic,2027-05-02,22:07:00,Vandenberg Space Force Base,Falcon 9,30000,519000,17500,7607,311,14018.1,38.74,SSO,529,98.1,10.458,707,519000,22.7,8.7,0.0,40.2,MODERATE RISK,21:30,23:00,90,88.77,36.8,5,Gravity Turn,10.75,0.315,0.02,0.0249,1.38,1651.47
M0319,KavachSat-13,Synthetic,2027-05-05,13:08:00,Xichang Satellite Launch Center,Long March 5,82000,785000,25000,10565,340,18515.2,56.93,MEO,18016,48.2,9.656,2814,785000,32.4,15.1,0.0,66.6,MODERATE RISK,12:45,13:30,45,113.93,46.6,4,Two-Stage Ascent,19.63,0.364,0.02,0.0209,1.22,1569.23
M0320,Zephyr-01,Synthetic,2027-05-03,16:51:00,Jiuquan Satellite Launch Center,Long March 3B,45000,415000,11200,5923,320,7312.4,24.41,GTO,35786,27.5,9.092,1945,415000,32.8,5.3,0.0,54.2,MODERATE RISK,16:45,17:45,60,73.5,38.5,4,Hohmann Transfer,8.81,0.395,0.02,0.0156,1.29,904.55
M0321,AeroNet-19,Synthetic,2027-05-08,06:20:00,"Satish Dhawan Space Centre, Sriharikota",PSLV,28000,292000,1750,4800,305,1062.6,2.91,SSO,842,98.0,10.627,771,292000,36.3,6.1,0.0,69.0,MODERATE RISK,06:00,06:45,45,36.37,36.2,2,Gravity Turn,6.16,0.38,0.02,0.0033,1.52,310.48
M0322,ClimateSat-26,Synthetic,2027-05-08,07:39:00,Guiana Space Centre,Ariane 6,55000,530000,21600,15000,350,16641.7,61.01,Polar LEO,875,88.5,10.564,778,530000,17.2,8.4,0.0,37.4,MODERATE RISK,07:15,08:00,45,140.14,39.0,3,Gravity Turn,22.9,0.335,0.02,0.0277,2.54,1254.48
M0323,MeghdootSat-76,Synthetic,2027-05-09,11:41:00,"Satish Dhawan Space Centre, Sriharikota",GSLV Mk III / LVM3,86000,554000,4000,9800,340,1748.5,5.99,Highly Elliptical Orbit,33237,48.3,8.973,2395,554000,36.6,4.5,0.0,26.9,MODERATE RISK,11:30,12:00,30,71.95,34.3,4,Three-Stage Ascent,12.57,0.375,0.02,0.0027,1.56,218.06
M0324,KavachSat-33,Synthetic,2027-05-10,07:08:00,Baikonur Cosmodrome,Soyuz,26000,286000,8200,4148,310,7749.8,23.4,MEO,14167,38.9,9.824,2524,286000,15.2,17.3,0.0,77.3,MODERATE RISK,06:45,07:30,45,65.05,55.9,4,Three-Stage Ascent,6.83,0.34,0.02,0.0242,1.32,1170.39
M0325,IndusSat-30,Synthetic,2027-05-11,17:20:00,Cape Canaveral,Vulcan Centaur,35000,510000,27200,4900,355,14589.2,53.19,GEO,35786,1.6,8.876,2822,510000,31.8,1.6,10.6,58.0,MODERATE RISK,17:00,18:00,60,127.82,41.5,1,Three-Stage Ascent,22.9,0.313,0.02,0.0261,0.89,1013.09
M0326,ShaktiSat-82,Synthetic,2027-05-12,11:46:00,Tanegashima Space Center,H-IIA,35000,254000,15000,4390,340,9010.9,33.32,MEO,7399,47.1,10.357,1831,254000,29.8,11.7,0.0,64.9,MODERATE RISK,11:30,13:00,90,104.98,38.6,1,Two-Stage Ascent,12.57,0.39,0.02,0.0302,1.5,888.99
M0327,AgroVision-46,Synthetic,2027-05-14,21:37:00,Vostochny Cosmodrome,Soyuz,26000,286000,8200,4148,310,6897.3,24.5,Polar LEO,737,92.0,10.929,722,286000,17.6,13.3,16.9,47.8,HIGH RISK / HOLD ADVISORY,21:15,22:00,45,64.71,63.9,3,Direct Ascent,6.83,0.301,0.02,0.0216,1.33,1164.9
M0328,PrithviWatch-88,Synthetic,2027-05-15,13:08:00,Guiana Space Centre,Ariane 6,55000,530000,21600,15000,350,15936.5,49.47,GEO,35786,3.7,8.901,2712,530000,24.9,11.1,11.9,83.3,MODERATE RISK,12:15,13:45,90,140.48,52.9,1,Hohmann Transfer,22.9,0.345,0.02,0.0265,2.55,1009.76
M0329,GangaSat-79,Synthetic,2027-05-17,18:25:00,Guiana Space Centre,Ariane 6,55000,530000,21600,15000,350,20433.2,71.7,SSO,821,98.7,10.625,771,530000,32.8,20.9,0.0,62.2,MODERATE RISK,17:45,18:30,45,146.14,56.1,5,Gravity Turn,22.9,0.39,0.02,0.0337,2.53,1485.58
M0330,BrahmaSat-70,Synthetic,2027-05-19,13:40:00,Cape Canaveral,Falcon Heavy,64000,1357000,63800,22819,311,42321.2,121.37,Highly Elliptical Orbit,20550,30.6,9.544,2010,1357000,28.9,9.1,6.4,94.0,MODERATE RISK,13:30,14:15,45,156.76,49.7,2,Hohmann Transfer,10.75,0.29,0.02,0.0289,1.59,2576.64
M0331,MeghdootSat-40,Synthetic,2027-05-22,12:10:00,Tanegashima Space Center,H3,37000,275000,16000,5880,345,11077.5,38.6,GEO,35786,2.8,8.886,2878,275000,35.0,20.3,0.0,25.1,MODERATE RISK,11:15,12:15,60,68.76,53.0,1,Three-Stage Ascent,21.24,0.297,0.02,0.0343,1.86,1431.57
M0332,GangaSat-36,Synthetic,2027-05-23,06:50:00,Xichang Satellite Launch Center,Long March 5,82000,785000,25000,10565,340,13596.1,44.21,SSO,667,98.4,10.545,706,785000,32.2,9.7,0.0,48.6,MODERATE RISK,05:30,07:00,90,107.08,35.5,2,Gravity Turn,19.63,0.404,0.02,0.0154,1.22,1338.91
M0333,ClimateSat-50,Synthetic,2027-05-26,16:14:00,Tanegashima Space Center,H-IIA,35000,254000,15000,4390,340,11853.1,33.3,SSO,631,97.7,10.52,737,254000,20.4,6.6,13.7,37.5,MODERATE RISK,15:00,17:00,120,109.34,49.7,1,Gravity Turn,12.57,0.377,0.02,0.0394,1.49,1140.43
M0334,Solaris-06,Synthetic,2027-05-26,06:10:00,Vostochny Cosmodrome,Soyuz,26000,286000,8200,4148,310,6431.3,17.17,Polar LEO,476,91.9,10.377,676,286000,37.5,1.0,0.0,54.2,MODERATE RISK,05:45,06:15,30,61.86,36.9,3,Gravity Turn,6.83,0.292,0.02,0.0202,1.33,1078.85
M0335,EarthVision-15,Synthetic,2027-05-26,09:55:00,Baikonur Cosmodrome,Soyuz,26000,286000,8200,4148,310,6096.8,22.69,LEO,343,18.1,10.345,568,286000,35.0,16.6,11.3,80.5,HIGH RISK / HOLD ADVISORY,09:30,10:15,45,63.53,61.3,3,Direct Ascent,6.83,0.333,0.02,0.0192,1.33,992.78
M0336,NavIC-Test-38,Synthetic,2027-05-30,08:26:00,Kennedy Space Center,Electron,1050,11450,300,224,311,135.9,0.45,GEO,35786,1.7,8.875,2879,11450,16.0,12.7,0.0,42.4,MODERATE RISK,08:15,08:45,30,11.03,39.1,5,Three-Stage Ascent,1.13,0.365,0.02,0.0108,1.81,109.35
M0337,EarthVision-49,Synthetic,2027-06-01,08:02:00,Vostochny Cosmodrome,Soyuz,26000,286000,8200,4148,310,3014.6,11.16,LEO,1301,9.5,10.407,741,286000,30.2,19.7,0.0,62.6,MODERATE RISK,06:45,08:45,120,57.98,39.5,3,Gravity Turn,6.83,0.306,0.02,0.0096,1.34,541.1
M0338,Chanakya-03,Synthetic,2027-05-30,11:20:00,Kennedy Space Center,Falcon Heavy,64000,1357000,63800,22819,311,50748.4,149.0,GEO,35786,1.2,8.877,2788,1357000,16.2,19.5,0.0,42.7,MODERATE RISK,10:30,12:30,120,167.15,53.0,5,Three-Stage Ascent,10.75,0.283,0.02,0.0345,1.58,2695.15
M0339,Vanguard-06,Synthetic,2027-06-04,21:39:00,"Satish Dhawan Space Centre, Sriharikota",GSLV Mk III / LVM3,86000,554000,4000,9800,340,3816.8,11.94,Polar LEO,652,91.4,10.488,718,554000,28.7,3.7,0.0,94.9,MODERATE RISK,20:45,22:15,90,75.15,42.7,2,Gravity Turn,12.57,0.299,0.02,0.0059,1.55,532.68
M0340,VarunaSat-09,Synthetic,2027-06-02,14:46:00,Xichang Satellite Launch Center,Long March 3B,45000,415000,11200,5923,320,8092.6,29.68,MEO,10031,54.5,10.118,2100,415000,14.7,6.9,13.7,84.1,MODERATE RISK,13:30,15:30,120,75.8,54.6,4,Three-Stage Ascent,8.81,0.397,0.02,0.0173,1.29,1080.22
M0341,GangaSat-71,Synthetic,2027-06-07,09:01:00,Tanegashima Space Center,H-IIA,35000,254000,15000,4390,340,6055.0,21.76,GTO,35786,19.3,9.018,2268,254000,26.2,13.9,0.0,72.2,MODERATE RISK,08:45,09:45,60,101.27,36.7,5,Hohmann Transfer,12.57,0.303,0.02,0.0205,1.52,539.19
M0342,ClimateSat-88,Synthetic,2027-06-05,17:18:00,"Satish Dhawan Space Centre, Sriharikota",GSLV Mk II,42000,372000,2500,5200,335,2188.0,8.0,GEO,35786,2.9,8.944,2978,372000,28.9,17.2,0.0,48.0,MODERATE RISK,17:00,17:30,30,55.38,52.4,2,Hohmann Transfer,9.08,0.328,0.02,0.0053,1.27,353.37
M0343,OceanWatch-40,Synthetic,2027-06-10,09:09:00,Guiana Space Centre,Ariane 6,55000,530000,21600,15000,350,12617.6,39.34,GEO,35786,3.0,8.9,2694,530000,20.0,15.4,0.0,90.3,MODERATE RISK,08:45,10:15,90,135.82,45.0,2,Hohmann Transfer,22.9,0.365,0.02,0.0211,2.56,826.8
M0344,BrahmaSat-55,Synthetic,2027-06-10,15:47:00,Kennedy Space Center,Electron,1050,11450,300,224,311,257.5,0.78,GTO,35786,25.5,8.994,2028,11450,25.9,11.1,0.0,36.9,MODERATE RISK,15:30,16:00,30,11.66,44.8,2,Hohmann Transfer,1.13,0.406,0.02,0.0202,1.79,198.62
M0345,CosmoLink-26,Synthetic,2027-06-13,12:23:00,"Satish Dhawan Space Centre, Sriharikota",GSLV Mk III / LVM3,86000,554000,4000,9800,340,2179.3,7.18,LEO,1339,29.9,10.306,734,554000,37.2,2.8,12.0,76.1,MODERATE RISK,12:15,13:45,90,73.33,44.4,5,Gravity Turn,12.57,0.335,0.02,0.0034,1.56,306.28
M0346,CosmoLink-52,Synthetic,2027-06-11,05:32:00,Cape Canaveral,Vulcan Centaur,35000,510000,27200,4900,355,21694.5,60.64,SSO,634,98.6,10.929,712,510000,15.1,1.8,0.0,38.3,MODERATE RISK,04:45,06:15,90,135.98,37.2,4,Direct Ascent,22.9,0.303,0.02,0.0383,0.88,1743.63
M0347,NovaOrbit-34,Synthetic,2027-06-16,21:36:00,Guiana Space Centre,Ariane 6,55000,530000,21600,15000,350,12744.0,42.83,GTO,35786,23.1,8.831,1915,530000,22.7,10.0,0.0,28.3,MODERATE RISK,21:15,22:00,45,135.17,35.6,1,Three-Stage Ascent,22.9,0.355,0.02,0.0213,2.56,832.6
M0348,AuraScan-29,Synthetic,2027-06-14,16:23:00,Kennedy Space Center,Electron,1050,11450,300,224,311,246.5,0.74,GTO,35786,27.0,8.839,2223,11450,32.0,16.6,0.0,72.4,MODERATE RISK,15:45,16:45,60,12.2,51.3,3,Three-Stage Ascent,1.13,0.354,0.02,0.0193,1.79,178.59
M0349,BharatEO-95,Synthetic,2027-06-18,19:14:00,"Satish Dhawan Space Centre, Sriharikota",GSLV Mk III / LVM3,86000,554000,4000,9800,340,2329.1,6.54,Highly Elliptical Orbit,26072,33.1,9.289,1944,554000,28.7,21.3,0.0,61.2,MODERATE RISK,18:15,19:45,90,73.85,48.4,4,Hohmann Transfer,12.57,0.308,0.02,0.0036,1.56,292.96
M0350,Zephyr-34,Synthetic,2027-06-18,17:54:00,"Satish Dhawan Space Centre, Sriharikota",GSLV Mk III / LVM3,86000,554000,4000,9800,340,1821.7,6.04,Polar LEO,657,90.5,10.484,726,554000,17.5,4.8,12.5,70.5,MODERATE RISK,17:30,19:30,120,72.59,40.8,1,Gravity Turn,12.57,0.377,0.02,0.0028,1.56,263.1
M0351,Solaris-96,Synthetic,2027-06-19,19:59:00,"Satish Dhawan Space Centre, Sriharikota",GSLV Mk II,42000,372000,2500,5200,335,2339.5,6.47,GTO,35786,27.9,9.007,2087,372000,30.2,5.5,0.0,65.7,MODERATE RISK,18:30,20:30,120,54.91,44.7,1,Hohmann Transfer,9.08,0.325,0.02,0.0056,1.27,383.75
M0352,GangaSat-09,Synthetic,2027-06-20,18:48:00,Guiana Space Centre,Ariane 6,55000,530000,21600,15000,350,16902.9,52.32,Polar LEO,546,91.0,10.424,693,530000,32.9,9.4,0.0,45.1,MODERATE RISK,17:45,19:15,90,140.67,41.5,3,Gravity Turn,22.9,0.33,0.02,0.0281,2.54,1252.55
M0353,CosmoLink-86,Synthetic,2027-06-24,19:37:00,Tanegashima Space Center,H3,37000,275000,16000,5880,345,11569.2,43.0,GEO,35786,1.1,9.05,2506,275000,32.8,9.5,0.0,68.3,MODERATE RISK,19:15,20:45,90,68.58,43.9,1,Hohmann Transfer,21.24,0.381,0.02,0.0358,1.85,1526.7
M0354,GangaSat-31,Synthetic,2027-06-23,19:48:00,Tanegashima Space Center,H3,37000,275000,16000,5880,345,6906.0,24.39,GTO,35786,21.2,9.017,2056,275000,31.4,3.3,2.7,69.8,MODERATE RISK,19:30,20:15,45,62.11,33.7,3,Hohmann Transfer,21.24,0.303,0.02,0.0217,1.88,1002.6
M0355,AeroNet-40,Synthetic,2027-06-26,15:38:00,Guiana Space Centre,Ariane 6,55000,530000,21600,15000,350,20336.2,61.35,LEO,571,34.9,10.451,604,530000,27.5,4.5,0.0,42.5,MODERATE RISK,15:15,16:15,60,144.68,40.3,1,Direct Ascent,22.9,0.312,0.02,0.0336,2.53,1468.99
M0356,AeroNet-87,Synthetic,2027-06-29,19:24:00,Cape Canaveral,Falcon Heavy,64000,1357000,63800,22819,311,34922.6,93.21,MEO,8561,44.9,10.249,1990,1357000,37.7,6.2,0.0,32.7,MODERATE RISK,19:00,19:45,45,146.83,37.3,5,Two-Stage Ascent,10.75,0.408,0.02,0.024,1.6,2437.66
M0357,BharatEO-62,Synthetic,2027-06-29,18:22:00,"Satish Dhawan Space Centre, Sriharikota",GSLV Mk II,42000,372000,2500,5200,335,2392.5,7.04,Polar LEO,526,88.3,10.389,701,372000,35.7,19.4,0.0,76.5,MODERATE RISK,18:15,19:15,60,56.0,56.8,5,Gravity Turn,9.08,0.336,0.02,0.0057,1.27,443.85
M0358,GeoCom-37,Synthetic,2027-07-02,10:09:00,Cape Canaveral,Atlas V,36000,554000,18850,3827,338,6821.8,23.63,Highly Elliptical Orbit,29415,27.2,9.028,2163,554000,34.0,1.8,0.0,37.4,SAFE,09:45,10:15,30,122.58,28.9,3,Three-Stage Ascent,11.4,0.364,0.02,0.0114,0.65,502.42
M0359,AgniSat-14,Synthetic,2027-07-03,17:45:00,Cape Canaveral,Atlas V,36000,554000,18850,3827,338,15324.2,57.29,Highly Elliptical Orbit,36792,21.1,8.955,2185,554000,23.1,1.4,9.6,64.4,MODERATE RISK,17:00,18:00,60,134.07,44.0,5,Hohmann Transfer,11.4,0.306,0.02,0.0253,0.64,1023.56
M0360,Zephyr-17,Synthetic,2027-07-04,06:13:00,Tanegashima Space Center,H3,37000,275000,16000,5880,345,9430.9,33.25,LEO,691,54.4,10.264,634,275000,31.6,16.7,0.0,53.1,MODERATE RISK,06:00,06:45,45,65.88,42.3,2,Gravity Turn,21.24,0.33,0.02,0.0293,1.87,1469.32
M0361,Zephyr-16,Synthetic,2027-07-06,17:07:00,"Satish Dhawan Space Centre, Sriharikota",PSLV,28000,292000,1750,4800,305,1226.8,3.75,GEO,35786,3.0,8.8,2769,292000,20.7,10.7,3.1,60.1,MODERATE RISK,16:45,17:30,45,37.17,43.2,5,Three-Stage Ascent,6.16,0.299,0.02,0.0038,1.52,290.44
M0362,AgroVision-51,Synthetic,2027-07-08,05:15:00,"Satish Dhawan Space Centre, Sriharikota",GSLV Mk II,42000,372000,2500,5200,335,1008.5,3.2,Polar LEO,763,90.9,10.538,752,372000,31.3,19.0,4.9,88.7,MODERATE RISK,04:45,05:30,45,53.47,46.6,2,Gravity Turn,9.08,0.339,0.02,0.0024,1.28,198.76
M0363,TerraPulse-35,Synthetic,2027-07-08,09:30:00,Cape Canaveral,Vulcan Centaur,35000,510000,27200,4900,355,25521.5,75.15,SSO,582,97.6,10.492,695,510000,28.4,5.7,0.0,46.1,MODERATE RISK,08:15,10:15,120,140.79,39.8,2,Gravity Turn,22.9,0.335,0.02,0.0447,0.88,1901.92
M0364,Chanakya-51,Synthetic,2027-07-08,08:20:00,"Satish Dhawan Space Centre, Sriharikota",GSLV Mk II,42000,372000,2500,5200,335,1707.0,4.92,GEO,35786,1.4,8.8,2515,372000,21.5,7.5,0.0,57.9,MODERATE RISK,08:00,08:30,30,53.44,36.4,1,Three-Stage Ascent,9.08,0.315,0.02,0.0041,1.28,281.09
M0365,KavachSat-32,Synthetic,2027-07-11,22:33:00,Jiuquan Satellite Launch Center,Long March 3B,45000,415000,11200,5923,320,8969.6,24.62,Highly Elliptical Orbit,22503,31.1,9.508,2116,415000,37.7,17.0,0.0,29.2,MODERATE RISK,21:15,23:15,120,76.93,55.5,1,Hohmann Transfer,8.81,0.318,0.02,0.0191,1.29,1108.58
M0366,AgniSat-28,Synthetic,2027-07-14,04:51:00,Jiuquan Satellite Launch Center,Long March 5,82000,785000,25000,10565,340,21359.3,62.79,GTO,35786,23.6,8.933,1961,785000,31.6,19.1,11.1,32.9,HIGH RISK / HOLD ADVISORY,04:00,05:00,60,118.93,65.3,2,Three-Stage Ascent,19.63,0.405,0.02,0.024,1.21,1604.33
M0367,CosmoLink-90,Synthetic,2027-07-15,07:32:00,Kennedy Space Center,Falcon 9,30000,519000,17500,7607,311,11962.8,37.65,Highly Elliptical Orbit,36335,40.2,9.036,1944,519000,24.2,16.4,0.0,52.2,MODERATE RISK,07:15,07:45,30,86.9,43.9,1,Hohmann Transfer,10.75,0.326,0.02,0.0213,1.38,1243.91
M0368,TejasSat-42,Synthetic,2027-07-17,06:06:00,"Satish Dhawan Space Centre, Sriharikota",PSLV,28000,292000,1750,4800,305,1183.0,3.61,SSO,609,97.7,10.514,712,292000,37.6,9.8,6.3,73.9,MODERATE RISK,05:30,06:15,45,37.54,48.2,3,Gravity Turn,6.16,0.324,0.02,0.0037,1.52,331.33
M0369,GeoCom-20,Synthetic,2027-07-19,12:40:00,Baikonur Cosmodrome,Soyuz,26000,286000,8200,4148,310,6373.4,17.4,MEO,15811,28.2,9.694,2586,286000,25.4,21.1,0.0,69.6,MODERATE RISK,12:30,13:30,60,62.91,50.1,3,Three-Stage Ascent,6.83,0.404,0.02,0.02,1.33,982.1
M0370,AgniSat-45,Synthetic,2027-07-18,09:35:00,Tanegashima Space Center,H-IIA,35000,254000,15000,4390,340,11836.0,39.03,GEO,35786,2.4,8.887,2789,254000,36.4,15.4,7.4,35.0,MODERATE RISK,09:30,10:30,60,110.14,59.4,3,Three-Stage Ascent,12.57,0.352,0.02,0.0393,1.49,955.03
M0371,BrahmaSat-28,Synthetic,2027-07-21,07:57:00,Jiuquan Satellite Launch Center,Long March 3B,45000,415000,11200,5923,320,4032.1,14.71,GEO,35786,3.2,9.125,2586,415000,30.5,12.6,0.0,77.7,MODERATE RISK,07:00,09:00,120,69.46,37.3,3,Hohmann Transfer,8.81,0.388,0.02,0.0087,1.3,529.7
M0372,MeghdootSat-48,Synthetic,2027-07-21,14:23:00,Kennedy Space Center,Electron,1050,11450,300,224,311,129.6,0.39,LEO,512,17.0,10.402,599,11450,36.1,21.5,0.0,73.4,MODERATE RISK,14:00,14:45,45,11.77,47.9,5,Direct Ascent,1.13,0.298,0.02,0.0103,1.81,114.54
M0373,AuraScan-55,Synthetic,2027-07-24,09:17:00,Kennedy Space Center,Falcon 9,30000,519000,17500,7607,311,12633.7,39.6,Highly Elliptical Orbit,24325,47.9,9.461,1966,519000,25.4,12.2,0.0,26.4,MODERATE RISK,08:15,10:15,120,87.53,41.8,2,Hohmann Transfer,10.75,0.392,0.02,0.0225,1.38,1365.56
M0374,TerraPulse-84,Synthetic,2027-07-23,18:34:00,Vostochny Cosmodrome,Soyuz,26000,286000,8200,4148,310,6852.4,19.69,LEO,1253,55.7,10.519,708,286000,22.5,12.4,0.0,38.1,MODERATE RISK,18:15,19:15,60,62.72,41.1,5,Gravity Turn,6.83,0.414,0.02,0.0215,1.33,1149.24
M0375,Solaris-51,Synthetic,2027-07-27,14:02:00,Tanegashima Space Center,H3,37000,275000,16000,5880,345,13353.0,47.6,SSO,544,97.8,10.869,710,275000,14.7,5.2,0.5,54.6,MODERATE RISK,13:30,14:15,45,70.55,41.9,2,Direct Ascent,21.24,0.336,0.02,0.041,1.84,2057.18
M0376,GeoCom-25,Synthetic,2027-07-29,07:40:00,Cape Canaveral,Vulcan Centaur,35000,510000,27200,4900,355,17956.8,61.74,LEO,420,34.0,10.384,589,510000,26.0,3.5,15.3,43.4,MODERATE RISK,07:30,08:30,60,132.27,46.3,3,Direct Ascent,22.9,0.37,0.02,0.0319,0.89,1409.72
M0377,AgniSat-84,Synthetic,2027-07-30,13:17:00,Cape Canaveral,Vulcan Centaur,35000,510000,27200,4900,355,21743.4,65.11,Highly Elliptical Orbit,26988,25.8,9.266,2155,510000,25.9,14.5,10.1,55.7,MODERATE RISK,11:30,13:30,120,137.66,56.3,1,Hohmann Transfer,22.9,0.32,0.02,0.0384,0.88,1463.56
M0378,AgroVision-57,Synthetic,2027-08-01,07:49:00,"Satish Dhawan Space Centre, Sriharikota",GSLV Mk III / LVM3,86000,554000,4000,9800,340,2809.9,7.56,Polar LEO,601,91.8,10.463,717,554000,23.4,14.6,0.0,37.4,MODERATE RISK,07:30,08:15,45,73.63,39.0,1,Gravity Turn,12.57,0.379,0.02,0.0044,1.55,399.29
M0379,SuryaSat-12,Synthetic,2027-08-03,06:06:00,Cape Canaveral,Atlas V,36000,554000,18850,3827,338,7420.9,26.81,GEO,35786,2.9,9.032,2724,554000,20.7,17.1,0.0,60.3,MODERATE RISK,05:30,06:15,45,124.24,40.0,1,Hohmann Transfer,11.4,0.389,0.02,0.0124,0.65,539.48
M0380,AgniSat-32,Synthetic,2027-08-04,05:22:00,Guiana Space Centre,Ariane 6,55000,530000,21600,15000,350,12180.6,37.84,LEO,699,7.5,10.442,628,530000,27.1,7.5,17.3,72.8,MODERATE RISK,04:45,05:30,45,135.74,50.2,2,Direct Ascent,22.9,0.332,0.02,0.0204,2.56,937.01
M0381,PrithviWatch-84,Synthetic,2027-08-06,10:03:00,Kennedy Space Center,Electron,1050,11450,300,224,311,188.0,0.6,MEO,4155,49.5,10.611,1594,11450,32.1,2.5,0.0,57.1,MODERATE RISK,08:30,10:30,120,10.53,32.5,3,Two-Stage Ascent,1.13,0.286,0.02,0.0148,1.8,189.45
M0382,AgroVision-39,Synthetic,2027-08-04,15:44:00,Vandenberg Space Force Base,Falcon 9,30000,519000,17500,7607,311,7340.6,23.15,GEO,35786,0.6,9.083,2445,519000,31.2,9.7,0.0,93.5,MODERATE RISK,14:30,16:00,90,81.0,39.7,2,Hohmann Transfer,10.75,0.283,0.02,0.0132,1.39,823.14
M0383,BrahmaSat-36,Synthetic,2027-08-07,14:57:00,"Satish Dhawan Space Centre, Sriharikota",GSLV Mk II,42000,372000,2500,5200,335,962.3,2.95,Highly Elliptical Orbit,25672,30.8,9.295,2092,372000,32.3,19.0,0.0,42.1,MODERATE RISK,14:30,15:15,45,53.24,44.5,1,Hohmann Transfer,9.08,0.354,0.02,0.0023,1.28,168.0
M0384,PrithviWatch-35,Synthetic,2027-08-08,05:32:00,Jiuquan Satellite Launch Center,Long March 5,82000,785000,25000,10565,340,9450.0,33.68,Highly Elliptical Orbit,36573,39.7,9.072,2142,785000,34.3,13.2,14.3,66.9,MODERATE RISK,05:00,05:45,45,103.74,54.7,4,Hohmann Transfer,19.63,0.293,0.02,0.0108,1.23,826.4
M0385,SuryaSat-54,Synthetic,2027-08-10,10:46:00,Vostochny Cosmodrome,Soyuz,26000,286000,8200,4148,310,7021.1,21.48,GTO,35786,20.2,9.188,2244,286000,36.7,18.2,0.0,50.0,MODERATE RISK,09:30,11:00,90,64.31,57.5,4,Hohmann Transfer,6.83,0.388,0.02,0.022,1.33,1003.11
M0386,AgroVision-21,Synthetic,2027-08-11,20:12:00,Guiana Space Centre,Ariane 6,55000,530000,21600,15000,350,13690.9,48.15,MEO,12478,34.5,9.873,2302,530000,21.8,1.3,0.0,55.0,SAFE,19:30,21:00,90,135.67,28.1,3,Two-Stage Ascent,22.9,0.322,0.02,0.0229,2.55,996.32
M0387,VikramSat-39,Synthetic,2027-08-13,09:30:00,Kennedy Space Center,Falcon 9,30000,519000,17500,7607,311,10968.3,39.03,Polar LEO,675,88.4,10.478,713,519000,29.2,3.7,1.5,40.0,MODERATE RISK,09:15,09:45,30,84.68,31.8,4,Gravity Turn,10.75,0.352,0.02,0.0196,1.39,1357.18
M0388,VarunaSat-35,Synthetic,2027-08-16,08:09:00,Tanegashima Space Center,H3,37000,275000,16000,5880,345,6902.8,25.75,GEO,35786,1.4,8.889,2556,275000,29.7,3.9,0.0,73.5,SAFE,08:00,09:00,60,61.75,29.5,2,Three-Stage Ascent,21.24,0.352,0.02,0.0216,1.88,993.67
M0389,BrahmaSat-85,Synthetic,2027-08-17,05:32:00,Tanegashima Space Center,H-IIA,35000,254000,15000,4390,340,12241.5,37.51,Polar LEO,773,90.7,10.54,735,254000,28.4,6.7,0.0,35.7,MODERATE RISK,04:00,06:00,120,108.75,37.3,3,Gravity Turn,12.57,0.385,0.02,0.0406,1.49,1186.44
M0390,BrahmaSat-45,Synthetic,2027-08-17,06:21:00,Guiana Space Centre,Ariane 6,55000,530000,21600,15000,350,9134.6,27.14,MEO,13752,55.3,9.908,2457,530000,30.0,21.1,16.0,36.1,MODERATE RISK,06:00,06:30,30,132.85,59.2,2,Two-Stage Ascent,22.9,0.349,0.02,0.0154,2.57,681.26
M0391,KavachSat-08,Synthetic,2027-08-20,12:22:00,Jiuquan Satellite Launch Center,Long March 3B,45000,415000,11200,5923,320,7883.4,23.3,LEO,393,52.4,10.085,575,415000,20.8,13.4,0.0,32.7,MODERATE RISK,11:30,13:00,90,74.27,39.5,2,Gravity Turn,8.81,0.309,0.02,0.0168,1.29,1070.47
M0392,TejasSat-79,Synthetic,2027-08-19,14:24:00,Vandenberg Space Force Base,Falcon Heavy,64000,1357000,63800,22819,311,49605.5,152.35,GTO,35786,28.1,9.046,1954,1357000,16.8,10.5,2.9,45.7,MODERATE RISK,14:00,14:30,30,165.37,48.2,2,Hohmann Transfer,10.75,0.37,0.02,0.0337,1.58,2713.5
M0393,IndusSat-12,Synthetic,2027-08-24,11:29:00,"Satish Dhawan Space Centre, Sriharikota",PSLV,28000,292000,1750,4800,305,622.8,1.7,LEO,317,33.8,9.851,563,292000,35.6,6.7,3.2,64.3,MODERATE RISK,11:15,12:15,60,35.68,34.3,3,Gravity Turn,6.16,0.348,0.02,0.0019,1.53,171.95
M0394,Chanakya-30,Synthetic,2027-08-25,11:14:00,Kennedy Space Center,Electron,1050,11450,300,224,311,236.3,0.76,Highly Elliptical Orbit,26170,52.5,9.415,2042,11450,16.8,17.9,0.0,68.0,MODERATE RISK,10:45,11:30,45,12.25,52.1,4,Hohmann Transfer,1.13,0.285,0.02,0.0186,1.79,181.61
M0395,AgniSat-98,Synthetic,2027-08-27,12:08:00,Tanegashima Space Center,H-IIA,35000,254000,15000,4390,340,12081.4,37.13,MEO,11965,37.0,9.968,2264,254000,17.4,9.4,16.1,34.4,MODERATE RISK,11:45,12:15,30,110.34,58.3,1,Two-Stage Ascent,12.57,0.338,0.02,0.0401,1.49,1091.42
M0396,MeghdootSat-43,Synthetic,2027-08-26,07:25:00,"Satish Dhawan Space Centre, Sriharikota",GSLV Mk III / LVM3,86000,554000,4000,9800,340,3460.3,9.23,SSO,753,97.8,10.588,722,554000,20.9,4.1,0.0,54.8,MODERATE RISK,07:00,07:30,30,74.12,35.6,4,Gravity Turn,12.57,0.307,0.02,0.0054,1.55,494.3
M0397,GangaSat-85,Synthetic,2027-08-27,10:36:00,Cape Canaveral,Falcon 9,30000,519000,17500,7607,311,14122.5,46.01,Highly Elliptical Orbit,38850,27.4,8.922,2190,519000,26.4,20.0,0.0,34.1,MODERATE RISK,09:15,10:45,90,90.14,51.5,3,Hohmann Transfer,10.75,0.354,0.02,0.0251,1.38,1397.84
M0398,GeoCom-52,Synthetic,2027-08-29,09:31:00,Baikonur Cosmodrome,Soyuz,26000,286000,8200,4148,310,3741.6,11.1,Polar LEO,806,91.5,10.958,740,286000,14.6,20.5,0.0,50.4,MODERATE RISK,08:30,10:00,90,59.38,45.8,5,Direct Ascent,6.83,0.282,0.02,0.0119,1.34,690.48
M0399,VikramSat-23,Synthetic,2027-08-31,08:59:00,"Satish Dhawan Space Centre, Sriharikota",GSLV Mk III / LVM3,86000,554000,4000,9800,340,2811.2,9.52,GEO,35786,2.9,8.944,2576,554000,18.9,19.7,0.0,69.4,MODERATE RISK,07:15,09:15,120,74.58,50.2,3,Hohmann Transfer,12.57,0.34,0.02,0.0044,1.55,337.13
M0400,AuraScan-96,Synthetic,2027-09-03,21:29:00,Cape Canaveral,Atlas V,36000,554000,18850,3827,338,18008.2,65.4,LEO,262,10.9,10.161,545,554000,36.5,3.3,0.0,90.3,MODERATE RISK,20:45,22:15,90,137.56,47.2,5,Direct Ascent,11.4,0.379,0.02,0.0296,0.64,1330.19
M0401,Vanguard-70,Synthetic,2027-09-03,07:38:00,Baikonur Cosmodrome,Soyuz,26000,286000,8200,4148,310,5050.3,17.5,SSO,544,98.2,10.46,687,286000,22.7,19.1,10.3,42.5,MODERATE RISK,07:30,08:00,30,61.45,51.6,3,Gravity Turn,6.83,0.294,0.02,0.0159,1.33,859.66
M0402,ShaktiSat-58,Synthetic,2027-09-03,12:37:00,"Satish Dhawan Space Centre, Sriharikota",GSLV Mk II,42000,372000,2500,5200,335,1839.4,5.13,SSO,566,97.7,10.489,689,372000,21.1,6.7,0.0,72.0,MODERATE RISK,11:45,13:15,90,53.42,34.3,2,Gravity Turn,9.08,0.405,0.02,0.0044,1.28,361.17
M0403,IndusSat-63,Synthetic,2027-09-05,18:24:00,Baikonur Cosmodrome,Soyuz,26000,286000,8200,4148,310,7837.1,29.12,GTO,35786,21.5,8.976,2259,286000,33.1,18.6,0.0,28.6,MODERATE RISK,18:00,18:30,30,65.29,57.5,5,Three-Stage Ascent,6.83,0.364,0.02,0.0245,1.32,1077.44
M0404,PrithviWatch-73,Synthetic,2027-09-09,13:00:00,Xichang Satellite Launch Center,Long March 5,82000,785000,25000,10565,340,17844.8,65.12,Polar LEO,785,91.7,10.553,766,785000,24.9,5.6,0.0,28.6,MODERATE RISK,12:45,13:15,30,111.84,31.5,5,Gravity Turn,19.63,0.393,0.02,0.0202,1.22,1683.8
M0405,BharatEO-24,Synthetic,2027-09-11,09:57:00,"Satish Dhawan Space Centre, Sriharikota",GSLV Mk II,42000,372000,2500,5200,335,889.7,2.76,Polar LEO,487,88.0,10.759,701,372000,14.9,15.7,12.2,86.6,MODERATE RISK,09:00,10:30,90,53.82,52.4,5,Direct Ascent,9.08,0.333,0.02,0.0021,1.28,177.86
M0406,GangaSat-81,Synthetic,2027-09-09,12:03:00,Tanegashima Space Center,H-IIA,35000,254000,15000,4390,340,11484.6,41.72,SSO,597,98.5,10.906,707,254000,19.8,4.5,0.0,30.2,MODERATE RISK,11:30,13:00,90,107.72,35.9,2,Direct Ascent,12.57,0.31,0.02,0.0382,1.49,1162.75
M0407,EarthVision-56,Synthetic,2027-09-12,21:54:00,Cape Canaveral,Vulcan Centaur,35000,510000,27200,4900,355,21859.8,73.44,LEO,463,53.8,10.516,594,510000,20.5,14.2,6.3,75.6,MODERATE RISK,21:30,22:15,45,137.38,51.3,3,Direct Ascent,22.9,0.322,0.02,0.0386,0.88,1673.3
M0408,VikramSat-63,Synthetic,2027-09-14,18:09:00,Cape Canaveral,Vulcan Centaur,35000,510000,27200,4900,355,19187.9,67.13,SSO,623,98.6,10.923,713,510000,17.9,1.9,13.4,60.8,MODERATE RISK,17:45,18:45,60,133.77,46.6,4,Direct Ascent,22.9,0.417,0.02,0.034,0.89,1566.79
M0409,ShaktiSat-47,Synthetic,2027-09-15,08:58:00,Baikonur Cosmodrome,Soyuz,26000,286000,8200,4148,310,5305.6,16.02,LEO,549,60.2,10.257,601,286000,37.4,21.9,0.0,31.6,MODERATE RISK,07:45,09:15,90,61.76,51.7,3,Gravity Turn,6.83,0.359,0.02,0.0167,1.33,881.15
M0410,AgroVision-73,Synthetic,2027-09-15,18:22:00,"Satish Dhawan Space Centre, Sriharikota",GSLV Mk III / LVM3,86000,554000,4000,9800,340,2361.2,8.13,GTO,35786,25.8,8.993,2080,554000,23.1,11.3,0.0,36.5,MODERATE RISK,18:00,18:30,30,72.96,37.5,2,Hohmann Transfer,12.57,0.31,0.02,0.0037,1.56,291.04
M0411,VarunaSat-05,Synthetic,2027-09-17,10:49:00,"Satish Dhawan Space Centre, Sriharikota",GSLV Mk III / LVM3,86000,554000,4000,9800,340,3704.9,10.33,GEO,35786,2.3,8.946,2414,554000,28.9,18.3,0.8,26.0,MODERATE RISK,09:30,11:00,90,76.12,55.7,5,Hohmann Transfer,12.57,0.308,0.02,0.0058,1.55,435.42
M0412,VikramSat-88,Synthetic,2027-09-18,06:57:00,Xichang Satellite Launch Center,Long March 5,82000,785000,25000,10565,340,11002.0,34.55,Highly Elliptical Orbit,28748,19.5,9.187,2054,785000,32.8,8.5,0.0,86.9,MODERATE RISK,06:45,08:45,120,104.13,37.4,4,Hohmann Transfer,19.63,0.387,0.02,0.0125,1.23,970.67
M0413,BrahmaSat-25,Synthetic,2027-09-22,13:37:00,Guiana Space Centre,Ariane 5,60000,717000,21000,13000,345,7967.9,23.68,MEO,2504,34.4,10.553,1435,717000,17.7,6.8,1.6,90.2,MODERATE RISK,13:15,14:00,45,154.93,33.6,5,Two-Stage Ascent,22.9,0.349,0.02,0.0102,1.69,542.73
M0414,Vanguard-07,Synthetic,2027-09-23,15:09:00,Cape Canaveral,Falcon Heavy,64000,1357000,63800,22819,311,43033.2,156.76,MEO,9679,36.2,10.123,2078,1357000,15.4,6.9,15.9,39.5,MODERATE RISK,14:30,16:30,120,157.95,53.7,5,Two-Stage Ascent,10.75,0.316,0.02,0.0294,1.59,2757.99
M0415,ShaktiSat-84,Synthetic,2027-09-24,09:31:00,Xichang Satellite Launch Center,Long March 5,82000,785000,25000,10565,340,23467.3,87.26,GEO,35786,1.2,9.035,2865,785000,34.3,10.5,0.0,49.0,MODERATE RISK,09:00,09:45,45,120.29,51.6,3,Hohmann Transfer,19.63,0.363,0.02,0.0264,1.21,1762.63
M0416,PawanSat-61,Synthetic,2027-09-24,12:29:00,Xichang Satellite Launch Center,Long March 5,82000,785000,25000,10565,340,9028.2,31.05,MEO,16929,50.2,9.724,2688,785000,26.4,20.1,0.0,57.6,MODERATE RISK,12:15,13:15,60,101.9,39.0,3,Two-Stage Ascent,19.63,0.295,0.02,0.0103,1.23,861.53
M0417,SuryaSat-12,Synthetic,2027-09-29,18:33:00,Kennedy Space Center,Falcon 9,30000,519000,17500,7607,311,6395.9,17.34,GTO,35786,19.8,8.845,2007,519000,14.3,15.7,0.0,80.5,MODERATE RISK,18:00,20:00,120,79.98,41.0,3,Three-Stage Ascent,10.75,0.366,0.02,0.0115,1.4,707.32
M0418,GangaSat-79,Synthetic,2027-09-29,22:39:00,Cape Canaveral,Falcon 9,30000,519000,17500,7607,311,8807.2,30.69,SSO,684,98.2,10.552,742,519000,33.9,15.7,0.0,71.8,MODERATE RISK,21:15,23:15,120,82.86,40.9,3,Gravity Turn,10.75,0.304,0.02,0.0158,1.39,1121.57
M0419,ClimateSat-29,Synthetic,2027-09-30,16:08:00,Guiana Space Centre,Ariane 6,55000,530000,21600,15000,350,12522.2,43.94,Highly Elliptical Orbit,20062,24.0,9.496,2059,530000,34.6,4.5,0.0,26.3,MODERATE RISK,16:00,17:00,60,135.04,37.2,2,Hohmann Transfer,22.9,0.283,0.02,0.021,2.56,880.56
M0420,DrishtiSat-14,Synthetic,2027-10-01,07:39:00,"Satish Dhawan Space Centre, Sriharikota",GSLV Mk III / LVM3,86000,554000,4000,9800,340,2967.2,8.02,Highly Elliptical Orbit,21334,47.3,9.554,2216,554000,35.1,9.4,6.6,37.3,MODERATE RISK,07:15,07:45,30,74.95,52.3,3,Hohmann Transfer,12.57,0.307,0.02,0.0046,1.55,378.23
M0421,IndusSat-94,Synthetic,2027-10-02,09:31:00,Jiuquan Satellite Launch Center,Long March 5,82000,785000,25000,10565,340,13620.6,47.63,Highly Elliptical Orbit,35464,61.1,9.042,2029,785000,23.9,10.6,0.0,84.8,MODERATE RISK,09:00,10:30,90,107.02,34.4,2,Three-Stage Ascent,19.63,0.335,0.02,0.0155,1.22,1150.79
M0422,KavachSat-06,Synthetic,2027-10-05,17:53:00,"Satish Dhawan Space Centre, Sriharikota",PSLV,28000,292000,1750,4800,305,1434.5,5.14,GTO,35786,23.1,8.976,2303,292000,33.4,9.6,0.0,78.8,MODERATE RISK,17:30,18:00,30,37.73,46.9,2,Hohmann Transfer,6.16,0.358,0.02,0.0045,1.52,341.27
M0423,BrahmaSat-59,Synthetic,2027-10-05,16:14:00,Guiana Space Centre,Ariane 6,55000,530000,21600,15000,350,11094.2,35.97,GEO,35786,1.6,8.8,2477,530000,14.5,15.7,0.0,94.1,MODERATE RISK,15:30,16:30,60,134.21,47.5,3,Three-Stage Ascent,22.9,0.291,0.02,0.0186,2.57,727.43
M0424,EarthVision-53,Synthetic,2027-10-08,17:57:00,Vandenberg Space Force Base,Falcon Heavy,64000,1357000,63800,22819,311,23606.6,69.76,GTO,35786,22.6,9.047,2375,1357000,33.7,4.0,0.0,57.8,MODERATE RISK,17:45,18:15,30,132.78,31.8,2,Hohmann Transfer,10.75,0.341,0.02,0.0163,1.61,1608.44
M0425,SuryaSat-01,Synthetic,2027-10-10,13:22:00,Cape Canaveral,Vulcan Centaur,35000,510000,27200,4900,355,26134.3,83.96,GTO,35786,25.3,8.993,2153,510000,19.6,20.1,12.1,44.1,HIGH RISK / HOLD ADVISORY,12:45,13:30,45,144.04,69.3,3,Hohmann Transfer,22.9,0.39,0.02,0.0458,0.87,1631.67
M0426,Zephyr-83,Synthetic,2027-10-11,21:39:00,Xichang Satellite Launch Center,Long March 3B,45000,415000,11200,5923,320,4410.4,13.77,GTO,35786,24.8,8.991,2279,415000,22.6,13.4,0.0,35.5,MODERATE RISK,21:30,22:00,30,69.77,35.6,1,Hohmann Transfer,8.81,0.346,0.02,0.0095,1.3,568.35
M0427,IndusSat-86,Synthetic,2027-10-11,08:49:00,Jiuquan Satellite Launch Center,Long March 3B,45000,415000,11200,5923,320,5457.4,15.01,GTO,35786,24.4,8.933,1989,415000,22.2,7.2,0.0,71.0,MODERATE RISK,08:30,09:15,45,70.65,31.2,3,Three-Stage Ascent,8.81,0.31,0.02,0.0117,1.3,690.03
M0428,BrahmaSat-61,Synthetic,2027-10-15,05:25:00,Xichang Satellite Launch Center,Long March 3B,45000,415000,11200,5923,320,5673.6,21.19,LEO,1361,62.8,10.915,739,415000,27.7,11.8,0.0,35.3,MODERATE RISK,05:00,07:00,120,71.3,35.8,5,Direct Ascent,8.81,0.337,0.02,0.0122,1.3,868.55
M0429,BharatEO-23,Synthetic,2027-10-15,18:59:00,Kennedy Space Center,Falcon 9,30000,519000,17500,7607,311,8108.2,28.62,GEO,35786,4.2,8.869,2516,519000,24.2,5.1,7.2,85.1,MODERATE RISK,18:30,19:30,60,81.53,35.1,2,Three-Stage Ascent,10.75,0.383,0.02,0.0146,1.39,882.03
M0430,CosmoLink-48,Synthetic,2027-10-16,06:10:00,Xichang Satellite Launch Center,Long March 3B,45000,415000,11200,5923,320,5614.6,20.75,GTO,35786,27.7,8.84,2291,415000,19.1,5.8,0.0,39.9,MODERATE RISK,05:45,06:45,60,70.92,32.1,3,Three-Stage Ascent,8.81,0.329,0.02,0.0121,1.3,699.85
M0431,ShaktiSat-97,Synthetic,2027-10-17,04:47:00,Xichang Satellite Launch Center,Long March 3B,45000,415000,11200,5923,320,6774.3,21.08,GTO,35786,27.9,9.001,2294,415000,37.0,6.9,13.1,64.8,MODERATE RISK,04:30,05:15,45,74.21,54.4,1,Hohmann Transfer,8.81,0.384,0.02,0.0145,1.29,821.66
M0432,PrithviWatch-89,Synthetic,2027-10-18,06:46:00,Baikonur Cosmodrome,Soyuz,26000,286000,8200,4148,310,3534.1,12.38,LEO,697,26.2,10.21,644,286000,32.4,5.9,14.6,65.7,MODERATE RISK,05:30,07:00,90,59.02,44.5,4,Gravity Turn,6.83,0.384,0.02,0.0112,1.34,611.37
M0433,VarunaSat-24,Synthetic,2027-10-20,11:41:00,Jiuquan Satellite Launch Center,Long March 3B,45000,415000,11200,5923,320,3938.3,11.5,Polar LEO,456,88.8,10.345,700,415000,31.1,4.6,6.4,55.2,MODERATE RISK,10:45,12:15,90,68.97,32.9,5,Gravity Turn,8.81,0.365,0.02,0.0085,1.3,590.72
M0434,SuryaSat-89,Synthetic,2027-10-23,16:39:00,"Satish Dhawan Space Centre, Sriharikota",GSLV Mk II,42000,372000,2500,5200,335,1009.8,2.82,Highly Elliptical Orbit,30680,39.4,9.001,2181,372000,27.9,20.6,0.1,87.0,MODERATE RISK,15:30,17:00,90,53.21,43.5,3,Three-Stage Ascent,9.08,0.418,0.02,0.0024,1.28,170.82
M0435,KavachSat-54,Synthetic,2027-10-26,07:51:00,Tanegashima Space Center,H3,37000,275000,16000,5880,345,9651.1,35.95,GEO,35786,1.6,8.889,2714,275000,29.7,13.7,0.0,86.7,MODERATE RISK,07:30,08:00,30,66.16,42.5,5,Three-Stage Ascent,21.24,0.315,0.02,0.03,1.86,1296.68
M0436,GeoCom-17,Synthetic,2027-10-27,20:35:00,Vostochny Cosmodrome,Soyuz,26000,286000,8200,4148,310,6970.5,23.42,SSO,688,98.3,10.537,732,286000,31.8,21.2,0.0,57.8,MODERATE RISK,19:30,21:00,90,63.87,53.0,3,Gravity Turn,6.83,0.404,0.02,0.0219,1.33,1149.96
M0437,GeoCom-52,Synthetic,2027-10-27,17:37:00,Guiana Space Centre,Ariane 6,55000,530000,21600,15000,350,15059.1,43.95,SSO,654,98.3,10.945,738,530000,14.7,17.9,0.0,70.3,MODERATE RISK,15:45,17:45,120,139.09,49.0,3,Direct Ascent,22.9,0.298,0.02,0.0251,2.55,1185.0
M0438,OceanWatch-22,Synthetic,2027-10-30,10:40:00,Jiuquan Satellite Launch Center,Long March 3B,45000,415000,11200,5923,320,9218.8,33.82,LEO,1756,63.8,10.598,815,415000,36.1,18.0,9.4,27.8,HIGH RISK / HOLD ADVISORY,09:15,11:15,120,77.73,61.4,3,Gravity Turn,8.81,0.396,0.02,0.0196,1.29,1256.93
M0439,SuryaSat-68,Synthetic,2027-10-30,17:47:00,"Satish Dhawan Space Centre, Sriharikota",GSLV Mk III / LVM3,86000,554000,4000,9800,340,2054.7,7.0,LEO,663,36.7,10.121,645,554000,34.1,11.9,16.6,73.5,MODERATE RISK,16:15,18:15,120,74.04,54.5,2,Gravity Turn,12.57,0.292,0.02,0.0032,1.56,280.87
M0440,PrithviWatch-26,Synthetic,2027-10-31,06:37:00,"Satish Dhawan Space Centre, Sriharikota",GSLV Mk III / LVM3,86000,554000,4000,9800,340,3382.4,9.34,GTO,35786,20.9,8.963,2388,554000,16.7,11.4,13.1,50.9,HIGH RISK / HOLD ADVISORY,06:30,08:30,120,76.19,61.1,1,Hohmann Transfer,12.57,0.358,0.02,0.0053,1.55,397.91
M0441,PawanSat-17,Synthetic,2027-11-03,09:25:00,Xichang Satellite Launch Center,Long March 3B,45000,415000,11200,5923,320,10401.7,31.24,Highly Elliptical Orbit,36585,51.4,8.926,2221,415000,21.0,22.3,0.0,89.2,MODERATE RISK,08:45,09:30,45,78.86,58.0,2,Three-Stage Ascent,8.81,0.292,0.02,0.0221,1.28,1177.35
M0442,EarthVision-82,Synthetic,2027-11-03,10:16:00,"Satish Dhawan Space Centre, Sriharikota",GSLV Mk III / LVM3,86000,554000,4000,9800,340,2055.5,6.63,LEO,898,45.7,10.269,683,554000,29.0,4.9,15.5,42.5,MODERATE RISK,10:00,10:30,30,73.16,44.2,2,Gravity Turn,12.57,0.352,0.02,0.0032,1.56,288.52
M0443,IndusSat-01,Synthetic,2027-11-06,06:07:00,Guiana Space Centre,Ariane 6,55000,530000,21600,15000,350,9148.3,29.39,GEO,35786,3.7,8.901,2876,530000,32.2,16.0,0.0,69.1,MODERATE RISK,05:45,06:15,30,131.45,42.5,3,Hohmann Transfer,22.9,0.409,0.02,0.0154,2.57,619.47
M0444,AuraScan-17,Synthetic,2027-11-07,13:53:00,Cape Canaveral,Atlas V,36000,554000,18850,3827,338,9053.7,31.98,Highly Elliptical Orbit,26305,22.8,9.282,2016,554000,25.8,20.6,5.2,83.6,MODERATE RISK,13:45,14:15,30,126.98,49.1,2,Hohmann Transfer,11.4,0.356,0.02,0.0151,0.65,661.81
M0445,BrahmaSat-61,Synthetic,2027-11-08,21:58:00,Guiana Space Centre,Ariane 5,60000,717000,21000,13000,345,9114.8,33.0,GTO,35786,26.3,9.012,2169,717000,35.1,2.5,0.0,28.5,MODERATE RISK,21:00,22:30,90,156.22,32.6,1,Hohmann Transfer,22.9,0.411,0.02,0.0116,1.69,525.81
M0446,NavIC-Test-85,Synthetic,2027-11-09,09:39:00,Guiana Space Centre,Ariane 5,60000,717000,21000,13000,345,12271.4,42.23,SSO,678,98.0,10.955,720,717000,25.4,6.7,0.0,82.3,MODERATE RISK,09:00,09:45,45,159.93,31.7,2,Direct Ascent,22.9,0.418,0.02,0.0155,1.68,840.58
M0447,BrahmaSat-96,Synthetic,2027-11-10,17:57:00,Cape Canaveral,Vulcan Centaur,35000,510000,27200,4900,355,13522.1,41.81,LEO,1212,25.1,10.303,699,510000,21.2,1.3,14.9,72.4,MODERATE RISK,17:45,19:15,90,126.3,38.7,3,Gravity Turn,22.9,0.368,0.02,0.0242,0.89,1103.07
M0448,KavachSat-12,Synthetic,2027-11-14,06:41:00,Guiana Space Centre,Ariane 5,60000,717000,21000,13000,345,17394.4,49.87,Highly Elliptical Orbit,33873,41.0,8.906,2164,717000,36.1,10.2,3.9,58.8,MODERATE RISK,06:00,07:00,60,167.82,52.2,1,Three-Stage Ascent,22.9,0.397,0.02,0.0219,1.67,923.1
M0449,VarunaSat-22,Synthetic,2027-11-16,04:12:00,Jiuquan Satellite Launch Center,Long March 5,82000,785000,25000,10565,340,18943.2,62.66,LEO,1747,62.1,10.588,820,785000,37.6,5.0,0.0,58.7,MODERATE RISK,04:00,05:30,90,113.86,39.8,2,Gravity Turn,19.63,0.356,0.02,0.0214,1.22,1761.55
M0450,VarunaSat-07,Synthetic,2027-11-14,16:08:00,Guiana Space Centre,Ariane 6,55000,530000,21600,15000,350,13178.4,42.6,Polar LEO,657,91.2,10.89,708,530000,14.1,5.6,17.8,46.2,MODERATE RISK,15:45,16:30,45,137.28,54.2,1,Direct Ascent,22.9,0.303,0.02,0.022,2.56,1045.4
M0451,AgniSat-46,Synthetic,2027-11-17,12:23:00,Jiuquan Satellite Launch Center,Long March 3B,45000,415000,11200,5923,320,6097.0,21.47,MEO,2094,42.5,10.597,1353,415000,31.1,18.2,5.5,49.8,MODERATE RISK,11:45,13:15,90,73.09,50.8,3,Three-Stage Ascent,8.81,0.4,0.02,0.0131,1.3,883.98
M0452,GeoCom-02,Synthetic,2027-11-19,04:40:00,"Satish Dhawan Space Centre, Sriharikota",GSLV Mk II,42000,372000,2500,5200,335,1717.5,6.1,LEO,868,37.5,10.215,661,372000,21.2,8.6,0.0,60.9,MODERATE RISK,04:00,05:30,90,53.3,34.6,1,Gravity Turn,9.08,0.313,0.02,0.0041,1.28,329.16
M0453,Vanguard-47,Synthetic,2027-11-19,06:47:00,"Satish Dhawan Space Centre, Sriharikota",GSLV Mk II,42000,372000,2500,5200,335,1825.6,4.88,MEO,14762,31.8,9.656,2539,372000,30.3,11.0,8.7,59.2,MODERATE RISK,06:15,07:00,45,54.88,51.6,1,Three-Stage Ascent,9.08,0.337,0.02,0.0044,1.28,321.21
M0454,CosmoLink-10,Synthetic,2027-11-23,07:55:00,Jiuquan Satellite Launch Center,Long March 5,82000,785000,25000,10565,340,20815.4,67.74,SSO,561,98.4,10.476,716,785000,31.9,14.6,0.0,91.0,MODERATE RISK,07:45,08:15,30,116.91,49.2,3,Gravity Turn,19.63,0.317,0.02,0.0234,1.21,1865.21
M0455,PawanSat-16,Synthetic,2027-11-24,05:42:00,Tanegashima Space Center,H3,37000,275000,16000,5880,345,5868.6,21.27,GTO,35786,27.4,9.007,2354,275000,25.9,11.4,0.0,63.5,MODERATE RISK,05:30,06:15,45,60.86,33.6,3,Hohmann Transfer,21.24,0.329,0.02,0.0185,1.89,868.53
M0456,VarunaSat-60,Synthetic,2027-11-24,20:44:00,"Satish Dhawan Space Centre, Sriharikota",GSLV Mk II,42000,372000,2500,5200,335,891.1,2.82,Highly Elliptical Orbit,25271,61.0,9.319,2300,372000,29.6,4.1,9.1,81.6,MODERATE RISK,19:45,21:15,90,52.54,37.3,3,Three-Stage Ascent,9.08,0.299,0.02,0.0021,1.28,158.05
M0457,DrishtiSat-04,Synthetic,2027-11-26,05:01:00,Tanegashima Space Center,H3,37000,275000,16000,5880,345,8691.1,25.6,Polar LEO,929,89.2,10.989,768,275000,21.5,18.1,10.3,90.3,MODERATE RISK,04:15,05:15,60,65.97,53.9,2,Direct Ascent,21.24,0.291,0.02,0.0271,1.87,1447.73
M0458,TerraPulse-81,Synthetic,2027-11-29,13:25:00,Guiana Space Centre,Ariane 6,55000,530000,21600,15000,350,11328.3,30.86,Highly Elliptical Orbit,31689,50.0,9.022,2125,530000,30.2,17.8,6.5,51.8,MODERATE RISK,13:00,13:45,45,134.74,50.5,2,Three-Stage Ascent,22.9,0.306,0.02,0.019,2.56,758.53
M0459,AgroVision-57,Synthetic,2027-11-30,19:52:00,Guiana Space Centre,Ariane 5,60000,717000,21000,13000,345,13119.9,44.74,Polar LEO,526,88.2,10.788,709,717000,24.5,13.1,0.0,91.2,MODERATE RISK,19:30,20:00,30,161.67,40.2,3,Direct Ascent,22.9,0.378,0.02,0.0166,1.68,875.47
M0460,DrishtiSat-92,Synthetic,2027-11-29,11:40:00,"Satish Dhawan Space Centre, Sriharikota",GSLV Mk III / LVM3,86000,554000,4000,9800,340,1629.5,5.68,GEO,35786,4.7,8.94,2598,554000,34.3,4.3,0.0,38.5,MODERATE RISK,11:15,11:45,30,71.72,33.2,2,Hohmann Transfer,12.57,0.304,0.02,0.0025,1.56,203.12
M0461,KavachSat-08,Synthetic,2027-12-02,05:40:00,Jiuquan Satellite Launch Center,Long March 3B,45000,415000,11200,5923,320,5131.9,16.98,GEO,35786,4.7,8.961,2978,415000,35.7,17.8,0.0,30.2,MODERATE RISK,05:00,06:00,60,71.51,45.9,5,Three-Stage Ascent,8.81,0.385,0.02,0.011,1.3,643.08
M0462,Zephyr-05,Synthetic,2027-12-05,20:12:00,Xichang Satellite Launch Center,Long March 5,82000,785000,25000,10565,340,24197.0,88.61,Highly Elliptical Orbit,36826,25.3,8.805,2069,785000,24.3,21.0,6.7,68.5,HIGH RISK / HOLD ADVISORY,19:30,21:00,90,122.0,61.4,2,Three-Stage Ascent,19.63,0.362,0.02,0.0272,1.21,1746.35
M0463,PrithviWatch-78,Synthetic,2027-12-06,12:08:00,Vandenberg Space Force Base,Falcon 9,30000,519000,17500,7607,311,13552.7,40.47,Highly Elliptical Orbit,24964,32.1,9.386,1954,519000,36.8,20.0,0.0,56.6,MODERATE RISK,11:45,12:45,60,89.92,56.9,3,Hohmann Transfer,10.75,0.414,0.02,0.0241,1.38,1414.65
M0464,Chanakya-01,Synthetic,2027-12-07,15:57:00,Cape Canaveral,Falcon 9,30000,519000,17500,7607,311,10303.8,29.44,GEO,35786,3.1,9.032,2768,519000,22.7,7.5,1.9,78.2,MODERATE RISK,15:30,16:30,60,84.27,36.3,4,Hohmann Transfer,10.75,0.37,0.02,0.0184,1.39,1104.35
M0465,NavIC-Test-92,Synthetic,2027-12-09,10:43:00,Cape Canaveral,Falcon Heavy,64000,1357000,63800,22819,311,50093.9,148.0,GEO,35786,3.1,8.872,2700,1357000,25.8,16.4,0.0,39.8,MODERATE RISK,10:30,11:30,60,165.81,46.4,3,Three-Stage Ascent,10.75,0.318,0.02,0.0341,1.58,2680.38
M0466,KavachSat-13,Synthetic,2027-12-08,10:14:00,Kennedy Space Center,Electron,1050,11450,300,224,311,232.1,0.77,Highly Elliptical Orbit,33549,48.8,9.155,2127,11450,36.7,16.5,0.0,85.5,MODERATE RISK,10:00,11:00,60,12.41,54.0,2,Hohmann Transfer,1.13,0.416,0.02,0.0182,1.79,171.22
M0467,ClimateSat-89,Synthetic,2027-12-11,08:23:00,"Satish Dhawan Space Centre, Sriharikota",GSLV Mk II,42000,372000,2500,5200,335,1339.3,4.17,GEO,35786,4.6,8.8,2854,372000,18.8,16.4,12.3,94.1,MODERATE RISK,07:45,08:45,60,54.86,58.3,2,Three-Stage Ascent,9.08,0.337,0.02,0.0032,1.28,214.83
M0468,AgroVision-23,Synthetic,2027-12-11,10:58:00,Cape Canaveral,Vulcan Centaur,35000,510000,27200,4900,355,14651.2,48.7,GTO,35786,27.5,8.84,1915,510000,26.7,1.5,0.0,66.6,SAFE,10:30,12:30,120,126.74,27.9,1,Three-Stage Ascent,22.9,0.332,0.02,0.0262,0.89,1021.91
M0469,Solaris-44,Synthetic,2027-12-15,17:47:00,Vostochny Cosmodrome,Soyuz,26000,286000,8200,4148,310,6247.9,17.65,LEO,548,36.0,10.184,605,286000,33.7,10.1,0.0,77.7,MODERATE RISK,17:30,18:15,45,62.07,42.0,1,Gravity Turn,6.83,0.338,0.02,0.0196,1.33,1025.11
M0470,PrithviWatch-42,Synthetic,2027-12-14,06:57:00,"Satish Dhawan Space Centre, Sriharikota",GSLV Mk II,42000,372000,2500,5200,335,1469.7,4.26,Polar LEO,501,91.6,10.398,703,372000,22.5,11.0,0.0,91.2,MODERATE RISK,06:30,07:15,45,53.13,36.1,2,Gravity Turn,9.08,0.369,0.02,0.0035,1.28,287.63
M0471,CosmoLink-25,Synthetic,2027-12-18,18:07:00,Tanegashima Space Center,H-IIA,35000,254000,15000,4390,340,8478.6,23.09,GTO,35786,18.0,8.859,1957,254000,24.9,7.5,0.0,55.0,MODERATE RISK,18:00,18:45,45,103.83,32.6,1,Three-Stage Ascent,12.57,0.316,0.02,0.0285,1.5,723.41
M0472,PrithviWatch-21,Synthetic,2027-12-18,20:38:00,Cape Canaveral,Atlas V,36000,554000,18850,3827,338,7929.3,26.24,GEO,35786,2.4,9.033,2900,554000,32.5,22.0,0.0,76.0,MODERATE RISK,20:15,21:00,45,125.53,47.9,2,Hohmann Transfer,11.4,0.331,0.02,0.0133,0.65,570.58
M0473,DrishtiSat-59,Synthetic,2027-12-21,19:41:00,Baikonur Cosmodrome,Soyuz,26000,286000,8200,4148,310,3191.5,9.0,Highly Elliptical Orbit,20060,61.6,9.765,2374,286000,18.1,4.3,0.0,69.0,MODERATE RISK,18:00,20:00,120,57.4,30.2,1,Hohmann Transfer,6.83,0.371,0.02,0.0101,1.34,542.94
M0474,GangaSat-64,Synthetic,2027-12-22,04:53:00,Baikonur Cosmodrome,Soyuz,26000,286000,8200,4148,310,4246.4,12.36,GEO,35786,2.3,9.169,2580,286000,35.9,5.7,0.0,62.3,MODERATE RISK,04:45,05:15,30,59.29,37.6,3,Hohmann Transfer,6.83,0.35,0.02,0.0134,1.34,656.69
M0475,OceanWatch-09,Synthetic,2027-12-25,19:52:00,Baikonur Cosmodrome,Soyuz,26000,286000,8200,4148,310,7967.8,29.36,Highly Elliptical Orbit,35047,44.8,8.993,2186,286000,28.0,21.9,0.0,27.8,MODERATE RISK,19:15,20:45,90,65.48,57.8,5,Three-Stage Ascent,6.83,0.372,0.02,0.0249,1.32,1094.29
M0476,Vanguard-09,Synthetic,2027-12-23,20:22:00,Tanegashima Space Center,H3,37000,275000,16000,5880,345,14721.4,50.23,Highly Elliptical Orbit,29890,58.6,9.167,2089,275000,16.4,21.2,14.7,38.3,HIGH RISK / HOLD ADVISORY,19:45,20:30,45,74.8,72.6,2,Three-Stage Ascent,21.24,0.394,0.02,0.0451,1.84,1804.16
M0477,Vanguard-80,Synthetic,2027-12-27,21:56:00,Jiuquan Satellite Launch Center,Long March 3B,45000,415000,11200,5923,320,10319.2,31.45,LEO,1774,23.2,10.432,796,415000,22.1,10.3,0.0,51.1,MODERATE RISK,21:00,22:30,90,77.4,41.9,4,Gravity Turn,8.81,0.333,0.02,0.0219,1.28,1390.83
M0478,PrithviWatch-67,Synthetic,2027-12-26,14:50:00,Guiana Space Centre,Ariane 5,60000,717000,21000,13000,345,8860.5,33.1,Highly Elliptical Orbit,35896,53.5,9.084,2347,717000,33.1,20.9,7.6,25.1,MODERATE RISK,14:30,15:00,30,157.81,54.9,2,Hohmann Transfer,22.9,0.302,0.02,0.0113,1.69,510.04
M0479,GeoCom-48,Synthetic,2027-12-29,22:47:00,"Satish Dhawan Space Centre, Sriharikota",GSLV Mk III / LVM3,86000,554000,4000,9800,340,1752.0,5.43,Highly Elliptical Orbit,25928,54.5,9.411,2042,554000,29.2,2.0,0.0,77.8,SAFE,21:45,23:15,90,71.48,28.7,1,Hohmann Transfer,12.57,0.416,0.02,0.0027,1.56,230.67
M0480,KavachSat-47,Synthetic,2027-12-29,08:44:00,Tanegashima Space Center,H-IIA,35000,254000,15000,4390,340,11130.6,35.06,GTO,35786,24.9,9.016,2400,254000,26.9,10.3,0.0,70.0,MODERATE RISK,07:30,09:30,120,107.78,41.6,5,Hohmann Transfer,12.57,0.303,0.02,0.0371,1.49,931.1
M0481,MeghdootSat-83,Synthetic,2028-01-01,06:36:00,"Satish Dhawan Space Centre, Sriharikota",GSLV Mk II,42000,372000,2500,5200,335,1126.6,3.5,MEO,17309,39.0,9.545,2736,372000,31.7,3.5,12.8,35.9,MODERATE RISK,06:30,07:15,45,53.36,43.6,1,Three-Stage Ascent,9.08,0.326,0.02,0.0027,1.28,201.53
M0482,AgniSat-63,Synthetic,2028-01-03,08:24:00,Xichang Satellite Launch Center,Long March 3B,45000,415000,11200,5923,320,5837.8,15.85,GEO,35786,0.9,8.876,2663,415000,29.7,5.5,0.0,55.9,MODERATE RISK,07:15,08:45,90,71.25,32.8,5,Three-Stage Ascent,8.81,0.419,0.02,0.0125,1.3,727.25
M0483,Zephyr-43,Synthetic,2028-01-04,10:54:00,Jiuquan Satellite Launch Center,Long March 5,82000,785000,25000,10565,340,12477.0,33.18,SSO,622,97.8,10.509,733,785000,29.4,8.2,0.0,55.7,MODERATE RISK,10:45,11:45,60,105.4,31.5,1,Gravity Turn,19.63,0.369,0.02,0.0142,1.22,1244.03
M0484,TerraPulse-62,Synthetic,2028-01-04,17:55:00,"Satish Dhawan Space Centre, Sriharikota",PSLV,28000,292000,1750,4800,305,1057.4,3.05,LEO,977,26.9,10.608,700,292000,17.3,13.3,6.5,56.6,MODERATE RISK,17:30,18:00,30,37.34,47.6,1,Direct Ascent,6.16,0.333,0.02,0.0033,1.52,300.4
M0485,AgroVision-02,Synthetic,2028-01-06,07:54:00,Cape Canaveral,Atlas V,36000,554000,18850,3827,338,8519.0,29.25,GTO,35786,20.5,9.004,2324,554000,19.6,22.0,0.0,36.0,MODERATE RISK,07:30,08:00,30,126.08,46.1,5,Hohmann Transfer,11.4,0.337,0.02,0.0142,0.65,608.38
M0486,DrishtiSat-32,Synthetic,2028-01-10,11:56:00,Baikonur Cosmodrome,Soyuz,26000,286000,8200,4148,310,6212.6,21.43,GEO,35786,0.1,9.175,2688,286000,18.2,2.7,0.0,50.8,MODERATE RISK,11:45,13:15,90,61.61,37.1,3,Hohmann Transfer,6.83,0.323,0.02,0.0195,1.33,925.18
M0487,EarthVision-04,Synthetic,2028-01-12,07:54:00,Jiuquan Satellite Launch Center,Long March 3B,45000,415000,11200,5923,320,8768.4,24.57,Polar LEO,652,90.5,10.481,717,415000,24.3,20.8,0.0,52.4,MODERATE RISK,07:00,08:30,90,75.91,46.3,5,Gravity Turn,8.81,0.33,0.02,0.0187,1.29,1210.67
M0488,IndusSat-64,Synthetic,2028-01-10,13:59:00,Kennedy Space Center,Electron,1050,11450,300,224,311,117.0,0.36,GTO,35786,24.7,8.991,2208,11450,24.0,7.9,0.0,37.9,SAFE,13:45,14:30,45,10.21,29.8,3,Hohmann Transfer,1.13,0.288,0.02,0.0093,1.81,103.03
M0489,TejasSat-94,Synthetic,2028-01-14,08:24:00,Jiuquan Satellite Launch Center,Long March 5,82000,785000,25000,10565,340,9640.2,33.89,MEO,13843,44.0,9.913,2476,785000,30.3,6.2,4.8,34.4,MODERATE RISK,08:00,08:30,30,102.23,34.3,3,Two-Stage Ascent,19.63,0.388,0.02,0.011,1.23,934.79
M0490,DrishtiSat-85,Synthetic,2028-01-15,08:11:00,Xichang Satellite Launch Center,Long March 5,82000,785000,25000,10565,340,11304.9,39.23,SSO,545,98.1,10.873,721,785000,28.2,16.8,0.4,37.1,MODERATE RISK,07:45,08:30,45,104.7,39.8,2,Direct Ascent,19.63,0.331,0.02,0.0129,1.23,1174.0
M0491,TejasSat-64,Synthetic,2028-01-18,18:21:00,Vandenberg Space Force Base,Falcon Heavy,64000,1357000,63800,22819,311,26114.1,97.1,Polar LEO,692,89.7,10.896,711,1357000,25.7,6.2,0.0,91.4,MODERATE RISK,17:30,18:30,60,135.66,30.3,1,Direct Ascent,10.75,0.336,0.02,0.018,1.61,2097.44
M0492,VarunaSat-71,Synthetic,2028-01-19,13:08:00,Kennedy Space Center,Falcon Heavy,64000,1357000,63800,22819,311,48685.9,159.16,Polar LEO,692,91.9,10.511,743,1357000,29.5,17.6,0.1,87.8,MODERATE RISK,13:00,13:30,30,164.19,47.3,4,Gravity Turn,10.75,0.299,0.02,0.0331,1.58,3116.74
M0493,GeoCom-60,Synthetic,2028-01-20,15:49:00,Tanegashima Space Center,H-IIA,35000,254000,15000,4390,340,7540.0,26.62,LEO,361,29.4,9.921,559,254000,22.9,1.0,0.0,34.2,SAFE,15:15,16:00,45,101.87,22.7,3,Gravity Turn,12.57,0.297,0.02,0.0254,1.51,734.31
M0494,SuryaSat-06,Synthetic,2028-01-20,21:39:00,Kennedy Space Center,Falcon 9,30000,519000,17500,7607,311,16623.5,48.08,LEO,339,57.3,10.428,596,519000,31.0,16.7,0.0,27.2,MODERATE RISK,21:30,22:00,30,93.3,53.4,2,Direct Ascent,10.75,0.401,0.02,0.0294,1.37,1857.98
M0495,ClimateSat-45,Synthetic,2028-01-23,10:55:00,Cape Canaveral,Falcon 9,30000,519000,17500,7607,311,16182.0,43.44,MEO,17061,47.3,9.703,2724,519000,36.5,1.5,0.0,84.2,MODERATE RISK,10:45,11:45,60,91.81,42.1,5,Two-Stage Ascent,10.75,0.284,0.02,0.0286,1.37,1710.21
M0496,Chanakya-04,Synthetic,2028-01-25,06:13:00,"Satish Dhawan Space Centre, Sriharikota",GSLV Mk II,42000,372000,2500,5200,335,1969.1,6.09,GTO,35786,23.3,8.977,2242,372000,25.8,7.7,3.2,62.9,MODERATE RISK,06:00,06:45,45,54.32,43.0,3,Hohmann Transfer,9.08,0.332,0.02,0.0047,1.27,325.42
M0497,ShaktiSat-05,Synthetic,2028-01-27,13:31:00,Guiana Space Centre,Ariane 6,55000,530000,21600,15000,350,14511.1,44.4,Polar LEO,878,91.1,10.586,748,530000,21.1,6.5,0.0,53.7,MODERATE RISK,12:00,14:00,120,137.03,32.5,3,Gravity Turn,22.9,0.36,0.02,0.0242,2.55,1121.03
M0498,BharatEO-98,Synthetic,2028-01-28,06:35:00,Kennedy Space Center,Falcon Heavy,64000,1357000,63800,22819,311,50690.1,182.72,Highly Elliptical Orbit,28543,26.3,9.054,2232,1357000,14.6,18.4,0.0,63.1,MODERATE RISK,06:30,07:00,30,167.08,53.0,4,Three-Stage Ascent,10.75,0.353,0.02,0.0344,1.58,2746.88
M0499,AgniSat-51,Synthetic,2028-01-30,22:19:00,"Satish Dhawan Space Centre, Sriharikota",GSLV Mk III / LVM3,86000,554000,4000,9800,340,2451.2,8.18,Highly Elliptical Orbit,20581,40.1,9.549,1901,554000,30.5,8.8,10.7,89.5,MODERATE RISK,21:45,22:30,45,74.27,51.7,4,Hohmann Transfer,12.57,0.285,0.02,0.0038,1.56,315.15
M0500,SuryaSat-68,Synthetic,2028-01-30,06:45:00,"Satish Dhawan Space Centre, Sriharikota",PSLV,28000,292000,1750,4800,305,1214.8,4.33,GEO,35786,1.9,8.8,2927,292000,34.2,19.1,0.0,62.4,MODERATE RISK,06:15,08:15,120,37.86,51.5,1,Three-Stage Ascent,6.16,0.322,0.02,0.0038,1.52,282.36
